Ticker,Signal,Price,1d,5d,1mo,3mo,6mo,YTD,1y,RVOL,RSI,ShortRatio,High52,Low52,SMA50,SMA200,BB_Upper,BB_Lower,Is_Squeeze,BB_Width,GC_Just_Now,DC_Just_Now,Above_SMA50,InstOwnership,InsiderOwnership,Float,Beta,ForwardPE,MarketCap,SMA50_Deviation
SLV,,55.47999954223633,0.9645109589412927,-4.6079785285539865,-7.7332470368849435,3.546094897817663,-18.579395304977602,-13.877676002509812,29.29387028553511,0.8070046795718615,35.37945499624384,0.0,105.5999984741211,42.400001525878906,57.63639991760254,65.95180004119874,61.65955144237457,55.15044802356781,False,0.11144770907570428,False,False,False,0.0,0.0,0,1.0,0,0,-3.7413863087372183
LVMUY,🐻,87.94999694824219,-1.9290849141910056,-3.2453295138800007,-14.31216146605685,-22.762804226873413,-18.132909275373063,-40.75886614190062,-27.652799167263453,0.11640342546110441,30.55917265285936,0.0,149.701416015625,87.94999694824219,101.78,115.02283378601074,101.52120988330064,86.63478987255873,False,0.15823486925803795,False,False,False,0.00104,0.0,1208734135,0.837,15.992857,216781455360,-13.588134261896064
MOD,🐻,183.72000122070312,4.9588712679972256,-4.862513261855943,2.964752991126419,-24.855823513063836,-15.223111287483082,37.60767641354097,24.244273542515753,1.4187568913802808,48.708530133245894,2.6,306.8900146484375,119.68000030517578,196.6745993041992,213.21485012054444,201.62317711359205,172.8638223981267,False,0.15359334103968214,False,False,False,1.01852,0.01957,52038238,1.733,17.006353,9942699008,-6.586818089029907
WMG,🐂🛒🤐,27.6200008392334,1.7686126027255549,1.693670818871965,-2.091450777692526,0.44952036732437883,9.544323404610703,-8.187404317200315,-17.235979423124604,1.2314664906990365,44.26753230239422,5.34,34.30597686767578,23.34769630432129,27.27128345489502,28.289010248184205,29.448875194374086,26.651624912437438,True,0.09972282873096941,False,False,True,1.1118599,0.0105,146057479,1.302,14.011175,14443061248,1.2786981035019316
QRVO,🐂,116.75,0.386927718344016,-2.3747775105423323,21.51331991572092,28.466113037441875,50.83979030796829,38.14932794794931,29.048301563726486,0.4960745861643193,61.16825549488988,4.32,119.58999633789062,76.0199966430664,101.1352001953125,90.15727489471436,126.9961450933886,96.79085441833016,False,0.26994678637242936,False,False,True,0.99831,0.00496,81689703,1.455,14.479427,10099612672,15.439530227390819
PPTA,,21.530000686645508,-1.3290513851267365,-7.675810598642478,-13.672813850807561,2.5726580343768015,-23.435277225857813,-11.069799666147011,4.160622192439573,1.3331309330832244,31.24275329731894,10.99,37.220001220703125,16.899999618530273,22.996600036621093,26.48645001411438,25.617050963477347,21.51394898311689,False,0.1741147858101811,False,False,False,0.72628,0.06869,83870481,0.762,-215.7,2698316288,-6.377461657984609
MAS,🐻,68.37000274658203,0.014631562523646547,0.30809723179254495,-5.252218297097235,-15.887024924732465,14.292927540875052,9.193225272401449,-0.8236115554848246,0.7682003446895752,45.823020934432705,4.74,82.40860748291016,58.06610107421875,72.58901397705078,69.558703250885,72.04679680571097,66.29220237031443,False,0.08319554817762237,False,False,False,1.06695,0.0023100001,196323749,1.294,14.477251,13290432512,-5.812189750645468
CART,🐻,43.4900016784668,0.34610411940653735,1.2337118372651532,-13.91527853443742,-2.989070037600677,16.097177633123874,-3.3125786548094998,16.12817301062523,0.830160113500619,34.985713979208626,4.25,51.779998779296875,32.93000030517578,47.372599868774415,42.61097480773926,52.60213631338493,40.91086341195687,False,0.25004593876288106,False,False,False,0.79232,0.11013,163545537,0.799,8.805409,10233816064,-8.195873144101656
NEM,🐂🛒🤐,117.08999633789062,0.8961596370393716,-5.228657672441294,-6.922304921724157,25.759631532101885,8.644531825730072,18.022755371565637,37.508100783830635,0.6237654531635873,31.390109543687714,2.09,134.85926818847656,77.89936065673828,116.43342636108399,110.84139427185059,131.29016585252694,116.81936020948478,True,0.11664852916147497,False,False,True,0.8162,0.0030500002,1051332000,0.543,11.272985,121532866560,0.5639016194288384
ABNB,,156.9600067138672,0.5638165508000452,4.93381788505923,-14.332493358737445,6.550817537984867,24.295223496312058,15.6498712806702,28.319168660453087,0.8490515882260258,33.342106899754654,3.24,190.5,111.54000091552734,168.43900024414063,143.0136749267578,188.35722428723005,147.01927412585587,False,0.24651667816304704,False,False,False,0.89352995,0.01941,405782346,1.161,25.966278,96194912256,-6.81492618314965
BIIB,🐂🔥🚀,227.07000732421875,-0.7083803838790752,-0.20216738783720328,4.809607071908375,8.262611508141452,23.858618369224736,29.02437651951706,47.23771594273334,1.18804385080903,75.75662532717145,8.07,228.69000244140625,142.25999450683594,213.95379974365235,194.46015029907227,231.35220533597834,209.210793626424,False,0.10051416828785431,False,False,True,0.99499,0.0018799999,147219129,0.171,13.660017,33374674944,6.130392447473012
UMC,,24.719999313354492,3.6477942053229984,0.16207053356608964,24.346078254065947,-2.1590551875393125,180.1214557135345,220.03697597333405,239.47243521540904,0.9630158437933627,60.69546918996923,3.46,27.52573013305664,6.898630142211914,20.673200149536132,15.38763001203537,26.58059261425096,19.251407545966323,False,0.31982828777551175,False,False,True,0.07481,0.0,2165683938,1.703,27.887856,61418680320,19.575097878153915
PBR,🐂🤐,20.649999618530273,0.0,-2.3178797789280012,6.718342177943697,32.93102835421935,3.8308044274992916,81.81344458110458,70.7202450325142,0.7620110554552252,46.55171522811376,1.35,21.770000457763672,11.06067180633545,19.15701362609863,17.189472455978393,21.59637150977964,20.080628535996727,True,0.07273762373098262,False,False,True,0.22348,6.0000002e-05,2906280350,-0.213,5.234946,134493929472,7.7934171868921505
RL,🐻💀🤐,355.9200134277344,-0.3471805973963677,5.767753423049992,2.8926027045818525,-10.322483562794476,4.016661163841318,1.464533265497679,13.318989502231684,0.5798562621342689,66.67237747211675,4.35,412.0654296875,306.04217529296875,363.25147888183596,363.37417343139646,358.4772726050877,325.86825351795915,True,0.0952998678076121,False,True,False,1.07261,0.025409998,37256178,1.353,16.977234,21155866624,-2.0182892239473804
HOOD,🐂🤐,116.22000122070312,-0.20607750786212192,-5.281170243445467,10.88636955241855,6.967325898307651,67.7056220818668,2.758623155327392,-16.472616263825056,0.6632530461009014,51.11269213915984,1.6,152.4600067138672,65.16000366210938,104.91639984130859,94.43432495117187,128.81568642565583,102.96731299451018,True,0.22303942477065672,False,False,True,0.79471,0.00959,784260476,2.34,32.588104,101146763264,10.773912750048428
FLUT,🐻🧊,74.44999694824219,-2.8448393361759456,-13.319364911748982,-25.683772488074407,-29.357626549569204,-26.974007673547217,-65.37853456441528,-70.50550769023751,1.268632515726416,14.477454302087253,5.97,256.29998779296875,74.44999694824219,97.27039978027344,122.67289978027344,110.69670537142866,75.14829432339556,False,0.3825597794549984,False,False,False,0.85153997,0.18954,125463565,1.07,10.374074,12935605248,-23.460788568342306
PODD,🐻,132.83999633789062,-0.20284296538418023,-2.6741951852703556,-10.641737477806192,-16.865885274795247,-36.69462511618248,-53.26484629120797,-56.58540049407795,0.769243763725435,39.82371701800793,2.86,346.3599853515625,131.9600067138672,146.99680053710938,195.8176008605957,150.62039841299512,128.926604760833,False,0.1552067695654922,False,False,False,1.07091,0.00329,69063605,1.079,16.908844,9048642560,-9.630688659543216
CENX,🐻🧊,36.20000076293945,-3.208558058772039,-6.749095704485758,-20.908891411647172,-15.872642830851195,-38.319983625855215,-7.605920160859882,23.129255893334317,1.6389761039362771,11.417083789568181,5.4,68.7699966430664,26.190000534057617,44.40139991760254,50.435099859237674,50.11619688778086,33.94780228824453,False,0.3846686990391832,False,False,False,0.78401,0.30885,68610273,1.99,3.0287802,3561778688,-18.47103733189213
MPLX,,57.04999923706055,-1.057926833100643,-2.992691880857167,-3.5828950439234974,3.8722956787118026,3.7652497185977616,13.134841029795103,24.082437788964736,1.2559208568344886,31.24998875383494,5.83,60.22999954223633,44.21980285644531,58.52052734375,55.22603406906128,60.69481596132216,56.95218377927843,False,0.06362477904741898,False,False,False,0.19708,0.64027,364745644,0.458,11.684041,57100496896,-2.512841516364946
BAH,,69.70999908447266,-0.7686845772631228,-7.851952837534644,-7.851952837534644,17.04479796321946,-9.30732035596044,-15.472545547729135,-30.042739103274336,0.9441971092272977,43.70894474872519,4.51,101.04509735107422,59.260650634765625,74.03434013366699,77.1320348739624,80.91870261040171,69.15129632148304,False,0.15682556637132744,False,False,False,1.00515,0.01211,118732094,0.365,10.297609,8350182912,-5.840993573234867
FSLR,🐻,176.92999267578125,2.2894093930341866,-7.834561884297095,-12.367509646139679,-23.76336122033493,-10.306196084959417,-32.2704186981636,-21.30149145461688,0.9742998994061719,34.93724870940487,5.65,318.25,172.16000366210938,209.49360046386718,225.54095115661622,221.75601660217407,171.9039840081775,False,0.2532745644297277,False,False,False,0.96445,0.053579997,101655672,1.733,7.545349,18824409088,-15.543963021296397
AMGN,🐂🔥,423.6400146484375,1.3177743049483537,4.3217066337049665,-1.451565591210983,17.929817082593217,22.021759720125434,32.07922868320534,45.859938131203414,1.1961897812788522,70.15318074918005,5.4,444.1199951171875,282.2989807128906,405.85212158203126,359.5290699768066,451.33260548853934,356.40839487767164,False,0.23503625683933654,False,False,True,0.85022,0.00228,539161486,0.426,17.240398,227881795584,4.382850826815484
LYFT,,15.069999694824219,1.2768788906050326,2.0311389828214654,-10.82840215984101,1.6183396652249444,13.308266757186852,-22.19928217917083,-30.93492252248346,0.8696334500728483,53.024912964475114,7.49,24.56999969482422,12.649999618530273,16.158099880218504,15.478649997711182,17.28751386914181,13.910986096525912,False,0.21645449469247477,False,False,False,1.11792,0.012510001,340292542,1.837,6.958223,5681889280,-6.734085031411325
DXCM,🐂,86.63999938964844,-0.046147802707097174,-1.2424528959042944,-4.8539405748404585,25.82050337162508,37.96178414365178,30.540900714532942,31.113796896009553,0.7701420338857559,61.51920435244737,4.49,92.33999633789062,54.84000015258789,85.55139999389648,72.76860004425049,91.4294324627569,82.86856710999699,False,0.09823251412804104,False,False,True,1.0662999,0.00262,375994719,1.419,27.642345,32562460672,1.2724507089651604
SNAP,🐂,5.340000152587891,2.298857609567729,0.945183196510814,-3.7837843410806626,12.421055843955592,16.086962245587934,-33.828991889395525,-30.739297974487297,0.7092555378255211,50.793656400202146,2.71,9.09000015258789,3.930000066757202,5.28939995765686,5.6573499953746795,5.897605439151815,5.166394452129313,False,0.13217841543883693,False,False,True,0.44595,0.22984,1110491154,1.05,6.9636087,9132468224,0.956633934588034
GLD,🤐,382.8900146484375,1.3177769675503932,-2.542758631189387,-6.250917668072145,3.3162461798473477,-11.015824898368715,-3.3862337545931145,7.544312547042183,0.8376926634858382,33.899929925877046,0.0,495.8999938964844,354.7900085449219,395.9268005371094,416.3590003967285,411.41655773410105,381.6044414114068,True,0.07518619646848505,False,False,False,0.0,0.0,0,1.0,0,0,-3.2927262996559827
IBRX,,8.829999923706055,3.6384911888109386,2.317494862259262,11.069184095015235,-4.021737969890635,15.123857051806025,345.95958781040474,256.0483812820651,0.8119546556912813,59.277099047888676,15.07,11.550000190734863,1.9800000190734863,7.87799994468689,7.094149974584579,9.069343925670825,7.553655980869091,False,0.18236033848564526,False,False,True,0.19798,0.62167,406637981,0.135,-74.52435,10004853760,12.084285170136571
GM,,80.47000122070312,-0.21081122300595495,-3.9393524586423867,-6.584316325215651,6.774916585924318,8.47142128138513,-0.39036901511696576,32.31863692044301,0.8411301727931233,43.148686749671675,3.55,90.1136474609375,54.87656021118164,85.45762466430664,80.41156398773194,88.80337974253192,79.93243416127669,False,0.10514597199041925,False,False,False,0.90194,0.0017200001,874819186,1.321,5.1202393,69642764288,-5.836370321777394
LBRT,🐻🧊,18.440000534057617,-2.6912939754558964,0.9304875316612558,-6.028432318913508,-23.809976014165166,-35.50131550918515,0.952799133306358,48.955808622203556,0.8185912900772635,21.451096034156592,5.1,33.682281494140625,11.759057998657227,19.726569786071778,24.691109228134156,21.852497243567846,17.39974579842434,False,0.226878827810168,False,False,False,1.13401,0.01994,160177271,0.615,58.296535,2973347584,-6.522012017125051
TDOC,🐻,5.75,-2.3769078040595923,-6.1990229583474585,-9.30599587362883,-36.813189461962125,5.504590848330956,-17.857142857142858,-26.282053084690066,1.1068963170524584,38.70967146508796,8.12,9.720000267028809,4.46999979019165,6.8111999893188475,6.592799999713898,6.649094149872055,5.829905893996963,False,0.1312906888364926,False,False,False,0.86763,0.00738,180435852,2.125,-7.388535,1053767296,-15.580220680393978
TDG,🐻🤐,1099.7900390625,-0.850140809730233,-0.4967058201411151,-6.140436596132846,-15.993981427910612,-5.105432790545807,-17.299690998758873,-15.452798448671068,1.157471424765626,41.36018673542962,3.07,1450.0,1076.010009765625,1186.05080078125,1250.617748413086,1172.0700278930483,1064.2939857788267,True,0.09638506205191938,False,False,False,0.97230005,0.00409,54992956,0.893,22.386997,59842363392,-7.272939882670301
MLM,🐻,479.0899963378906,-2.37993213465542,-2.316243365561438,-7.486577474672401,-17.155734324978027,-18.367721649840487,-22.72779268701943,-22.30030445719915,1.1929675347202793,36.731057716777194,4.01,705.08837890625,479.0899963378906,525.3122778320312,590.1230899047852,521.3007471157332,477.3382604526261,False,0.08804480163488455,False,False,False,0.86121005,0.16148001,50431879,1.101,22.476337,34075809792,-8.799010311523725
QBTS,🐻🤐,16.43000030517578,-2.0858186361593956,-2.260554270310909,-4.476746648888404,-30.085105084358375,13.860013566892551,-37.170170000563814,-35.89543174731671,0.9052507300332943,44.600935884145464,4.44,44.779998779296875,12.979999542236328,18.20280002593994,20.948799939155577,17.906541382500436,16.009458792975636,True,0.11186947633621841,False,False,False,0.53897,0.022130001,361992993,2.14,-43.876606,6290413056,-9.739159460290871
HWM,🐻🤐,230.94000244140625,1.147510088096247,0.9441400793926578,-5.719532427590209,-13.596483866595829,0.30088508008426,12.811345114351777,18.768697777372157,0.4533643610195137,47.818189600710866,2.65,292.6499938964844,183.70753479003906,261.3674633789062,247.83624893188477,258.0500934942872,210.63690449155268,True,0.20232346622155267,False,False,False,0.93297,0.00874,395216174,1.186,35.0055,90200899584,-11.641640678659789
USAR,🐻,14.074999809265137,-2.3586552444512394,-11.086545312061155,-21.01571240007826,-29.554553895201213,-7.0036366275959505,18.277313113086382,-23.54698573643032,0.9535660453061799,30.32300334685074,3.06,38.68000030517578,11.899999618530273,16.822100105285646,19.346100034713746,18.418018343224375,13.84098195813671,False,0.2837680239517248,False,False,False,0.38025,0.37335998,164809198,2.61,469.33334,5285529600,-16.330305246235856
EBAY,🐻,105.20999908447266,-1.9660833175098515,-3.5566939074782193,1.593280769387179,-5.167252576766602,16.262855966384983,21.901508608058656,21.661100492420047,0.7280183754593165,54.02843053523661,4.03,118.27152252197266,78.68736267089844,107.43586837768555,100.21376564025879,112.44955497788774,102.31944450331343,False,0.09433494125357698,False,False,False,0.95327,0.10029,399783550,1.339,15.798741,47192252416,-2.0718120743325312
T,✨,24.479999542236328,-1.68674732019428,-3.2411056108770446,-5.446117731373403,21.13175867782167,-13.530792457045395,2.0986814629198736,-6.953344546670714,0.8656537847823231,42.76458265961676,3.94,28.41807746887207,20.20939826965332,24.871799964904785,24.775302572250368,26.678614293949,24.533385599239477,False,0.08377836050862182,True,False,False,0.68446,0.00091,6837790069,0.431,9.48302,167198212096,-1.5752797273269503
SVM,,10.829999923706055,0.6505547707733926,-5.907908702464391,-12.942119863219792,7.6540702979284125,0.9442435331593696,29.99294063967397,66.27932362440167,0.9061950470390715,32.15766891861813,12.15,15.693463325500488,6.083589553833008,11.507199954986572,11.178923926353455,13.146096463509927,10.587903361014,False,0.21557201663518943,False,False,False,0.7467,0.039100002,189664501,2.043,6.6273293,2360271360,-5.88501141832559
AME,🐂,250.77999877929688,-0.3536374602152552,1.756949435858198,6.793159282851559,5.910450215743871,17.33625552176099,22.70290573475742,34.61049808557153,0.8070068235054486,67.84283421026873,2.09,258.143798828125,178.19007873535156,242.90490905761717,228.93164680480956,253.32133211271747,225.65413633210676,False,0.11552656703042755,False,False,True,0.92644995,0.00393,227832946,0.989,25.69888,56794886144,3.2420463432510225
BILL,🧊,41.91999816894531,0.7692300638503318,-8.710801741070433,-14.848672438071997,8.096955875420916,9.451694527403323,-23.138985212208095,-21.99479557191318,0.8856987860828888,25.082775470608354,5.06,56.310001373291016,31.959999084472656,47.2705997467041,43.44724994659424,52.016979075805814,42.26302008496079,False,0.20691470253860597,False,False,False,1.1802601,0.04296,75463130,1.1,9.783381,3627674368,-11.319089680328952
NTLA,,12.029999732971191,5.34150308758321,-2.43309158630304,-5.498820380492842,-30.220418255893396,-6.162246338991503,33.81535082592017,-35.874202632202085,1.2671452272615273,48.02631221209384,13.73,27.979999542236328,8.039999961853027,11.961900024414062,12.810224990844727,13.08249266086379,11.238007331506816,False,0.15168153039087134,False,False,True,0.99849,0.03841,134151691,1.819,-4.640193,1689927936,0.5693051138877523
AVAV,🐻🤐,143.24000549316406,-2.7100389527680195,-8.144155924977719,-3.444557061080205,-16.93342410973586,-21.748154545147635,-40.782998117079686,-58.6107226505992,0.7453868424724431,52.36251137612727,2.11,409.8299865722656,136.67999267578125,158.7901998901367,202.7485499572754,164.88844270269433,138.01255827386817,True,0.17745655737140162,False,False,False,0.88005996,0.00914,38070831,1.406,31.90678,7227720704,-9.792918207629606
GSAT,🐂,82.58999633789062,0.3036191536541966,0.10908647017045453,1.275282951826199,2.0133365511988828,24.34507469845972,35.30471018862878,110.90397512692685,0.8949022532360305,60.22466400695389,7.35,84.43000030517578,39.15999984741211,82.01139984130859,73.74009996414185,83.16863760170884,81.32236123862319,False,0.022448357370336014,False,False,True,0.27236998,0.59443,52746552,1.503,336.5408,10739509248,0.7055074022655589
FNF,🐻🧊,41.15999984741211,0.19473712948315125,-1.6487422983674918,-10.319503972553223,-13.088690503471708,-9.20173136829293,-22.010400880897425,-26.138366638054862,1.4325969568469117,22.65830394716771,3.46,55.7258186340332,40.81999969482422,46.691992568969724,48.648413791656495,46.5045706759823,39.99150247465247,False,0.15059800899833178,False,False,False,0.84882003,0.057389997,253380537,0.977,6.676848,10365652992,-11.847840319485599
POET,🐻🤐,7.670000076293945,3.5087750909015094,-1.6666680931025752,2.815013901784585,-20.927832710184173,29.124579165122366,21.16903900060957,29.124579165122366,0.848308228317181,45.86466237298085,2.74,20.56999969482422,4.170000076293945,7.893999977111816,8.333149981498718,8.420313851125877,6.962686188928444,True,0.18951149429916872,False,False,False,0.20471,0.00068000006,172336107,0.841,-44.0,1294474496,-2.8375969276329545
HOG,,24.81999969482422,0.6080243942699134,-4.464972547540922,-9.455489301335462,3.479445941473421,24.548018140434174,24.204080701553778,-9.058629410938407,1.2384223303763533,34.10539583589262,11.18,28.256139755249023,16.94180679321289,26.53592014312744,22.941340255737305,28.492308072737107,24.6112485602585,False,0.14616947558902796,False,False,False,1.11694,0.011829999,102945402,1.303,12.178586,2542491392,-6.466406437191628
XLP,🐻,81.8499984741211,-0.5226061151619475,-0.703629538890429,-3.0497693688672096,-1.094472552678354,1.1953667758460205,7.3982160166875905,7.4712354664674905,1.4000254133520211,44.92563630517206,0.0,88.30864715576172,73.5806884765625,84.11124801635742,82.63152549743653,84.97590727914768,81.00064606557889,False,0.04790147925667946,False,False,False,0.0,0.0,0,1.0,0,0,-2.6884032701507112
CLF,,11.010000228881836,-1.8716580494572768,-14.45221191310404,-4.675324267840295,16.878982374843407,30.295863637887262,-17.0933701034155,-11.495172023610339,1.2458051247552875,39.925378578278654,5.7,16.18000030517578,7.820000171661377,11.823800010681152,11.407050001621247,13.087545106266369,11.136454870845448,False,0.16108737097625656,False,False,False,0.84466004,0.00857,564446679,2.11,15.080127,6281646080,-6.8827262053160725
FRMI,🐻🧊,4.28000020980835,0.4694830951162475,-11.203318311644333,-13.88329194188343,-49.76525845244188,-26.712327089379528,-46.49999737739563,-86.84291309432119,0.9156130274603673,22.943727858555675,3.96,32.529998779296875,4.260000228881836,5.681200017929077,7.132725021839142,5.725882196318403,4.137117862809405,False,0.3221665464837264,False,False,False,0.26054,0.47172,462475067,1.0,32.41204,2696367360,-24.66379996653411
DOCU,🐂🤐,66.9800033569336,0.0,-3.6120227140553567,1.0713848646942297,45.54542088370172,41.278218883161884,-2.076020668520104,-2.885309306290373,0.4853620244421039,56.83416586257765,4.03,73.13999938964844,41.75,61.958200225830076,53.6757000541687,71.97589364036573,63.26210761085499,True,0.12886593929059686,False,False,True,0.95968,0.0054900004,185717490,0.9,12.8885765,12550499328,8.105146877733146
TTD,🐻🧊,12.050000190734863,-2.350080699084998,-4.968455041627733,-12.17201198098518,-37.07571576620387,-46.8929047725325,-68.25605774141377,-75.56772046776913,0.8575312764545812,27.51842676999155,5.05,54.130001068115234,12.050000190734863,14.850000114440919,22.968325080871583,15.647378178049268,11.958622150014696,False,0.2672430619574124,False,False,False,0.89057,0.026010001,416515900,1.005,12.056907,5753916416,-18.85521819614795
SHLS,🐻,7.769999980926514,4.716979798299169,0.7782093707221491,12.283235480653227,-23.22134319374789,18.08510746228421,-8.588235518511604,-2.017652596161912,1.102382976919254,60.79027738886792,3.13,12.770000457763672,5.710000038146973,7.957600021362305,8.591499979496001,8.107133514199916,6.538366478170691,False,0.21423195341182674,False,False,False,1.18539,0.01056,166613585,1.888,14.695211,1363229696,-2.357495223838545
BMRN,🧊,59.869998931884766,0.6895389400017271,-3.7614534432165656,-8.217084392467825,3.5454846902118775,5.98335484685669,0.7403645035328474,9.132333696306711,0.889817679680404,29.097607316342376,5.62,70.23999786376953,49.66999816894531,64.00199996948243,58.586550102233886,68.53997582936626,59.47902365183492,False,0.14155636607458225,False,False,False,1.03845,0.0034,192627183,0.238,9.0637865,11614425088,-6.456049872766305
PLUG,🐻🧊,1.909999966621399,2.688169458695616,-6.372548905027593,-11.57407913311008,-27.65151929072643,-15.486726784017135,-3.045688381596555,-34.81228931385982,1.1142390626997527,29.68748341081009,5.51,4.139999866485596,1.7899999618530273,2.1291999793052674,2.4712499940395354,2.252857514530721,1.8861424005922647,False,0.1771998654064044,False,False,False,0.73199,0.04518,1333664809,2.222,-13.078946,2710558976,-10.294947154535986
HD,🐻🧊,288.0400085449219,-0.638175173352973,-2.9253143165515794,-11.48989909646223,-17.294881822354377,-11.113430943334818,-14.474414484472591,-25.394952068889143,1.3022683289954728,28.110969688117578,2.65,386.08648681640625,288.0400085449219,323.7610791015625,335.6230792236328,324.4855393189029,285.0345442992612,False,0.12944936870810617,False,False,False,0.76798,0.00074,995983577,0.955,17.753107,283832713216,-11.03315773957964
CGNX,🐻,59.66999816894531,1.5659543301196808,2.54339160880649,-2.116143265914065,-16.20563548505503,22.135159426733225,66.54452936395262,31.0417226387368,0.5652316579110664,43.48341047473317,4.49,72.31848907470703,34.65323257446289,61.98732650756836,55.24227149963379,63.740493995876044,57.11550614145306,False,0.10963440535670527,False,False,False,1.12911,0.0036199999,160524237,1.49,30.040369,10202776576,-3.7383905213916826
FINX,🐻,24.610000610351562,-0.5857344186254007,-3.21692190619352,-8.882224809231598,-2.84247657135069,6.72109780715489,-16.23318606908327,-25.990267426094537,0.8435530085959886,34.77160247793722,0.0,34.94974136352539,22.211576461791992,26.231640129089357,25.903155965805055,27.627547637810487,24.30185261548541,False,0.1280852467428218,False,False,False,0.0,0.0,0,1.0,0,0,-6.181998192859815
INTU,🧊,268.0299987792969,-0.5085356897646828,-6.5446268523628035,-25.402168693159627,0.8002450568289219,-37.543541989753024,-59.15783872837138,-60.111688817284445,1.0323766042148048,27.16601799483753,1.77,677.0331420898438,253.9451141357422,323.7002001953125,397.43396995544435,360.93816531729584,259.91883236336827,False,0.3254190041549199,False,False,False,0.93535006,0.024130002,260873111,0.976,10.183037,73679634432,-17.198074447413266
VRT,🐻,248.33999633789062,1.762007527477732,-0.17686407410773988,-3.988527617734503,-20.23605901132217,-0.8490078723348906,53.392821647872864,53.848895204305855,0.6108447738691601,42.343862302299556,2.72,376.0595397949219,149.72647094726562,264.11869354248046,263.31172843933103,281.17485342444564,225.50216073571062,False,0.21975614102414112,False,False,False,0.84567,0.0023700001,383848608,2.075,26.339687,92901490688,-5.974093311215023
MXL,,92.72000122070312,3.0222235785590277,9.96205118154729,54.765483987408636,-17.501555543879643,433.18001423217754,431.9563947062596,466.74815257669263,1.0050928012107094,67.97152882278098,2.12,128.02999877929688,13.050000190734863,72.1613998413086,52.43904997825623,98.47664810762078,51.41635230436654,False,0.6279185241993556,False,False,True,0.84253,0.05885,85221671,3.945,34.561146,8190501888,28.48974857001848
AFRM,🐻🤐,69.30000305175781,3.109662246324899,1.777069729689271,-6.917386309719613,-17.352409883291646,51.244005921688974,-6.892378385575842,-6.87986461053693,0.7168646490536278,52.388869008017046,2.88,85.77999877929688,42.529998779296875,73.4925,66.74090005874633,74.98453670762923,66.95446246839616,True,0.11314824376455679,False,False,False,0.91743,0.04316,283815141,3.61,14.339599,23359674368,-5.704659588722922
CELH,🐻🤐,27.709999084472656,-1.035717555454799,-5.037701183445103,-11.89189694034602,-13.05303308821879,-21.899663354037134,-39.4184563453617,-51.80869724439538,0.8950498170927256,50.45161071205842,3.58,64.86000061035156,23.770000457763672,29.4296000289917,36.67834998130798,31.513867967911082,25.960131818465868,True,0.19326081950404347,False,False,False,0.75218004,0.28897,193207440,0.922,15.799477,6920508416,-5.843099949795547
MYRG,🐻🤐,288.30999755859375,0.8323732884892597,-2.32739185840869,-1.0671936469153445,-37.744810805638785,2.121702351578662,31.949655633223685,42.72772156366027,0.84893205288192,51.136892002694424,2.5,501.1300048828125,196.57000732421875,315.1126007080078,328.1127506256104,298.94197688373697,271.0240204307162,True,0.09796358584394049,False,False,False,1.03495,0.01868,15302237,1.313,20.070452,4553382912,-8.505722427218988
BA,🐻,187.67999267578125,1.7842579841765058,-6.127144725036504,-9.673696323805341,-14.13670459164729,-5.702660992377122,-13.559323463284171,-12.78810625591216,1.4693813943845597,31.939070677837236,0.01,252.14999389648438,179.1199951171875,213.3433996582031,220.9460001373291,218.20851100703902,187.04648777225788,False,0.15378970440165787,False,False,False,0.76813006,0.00057,758462782,1.213,45.08303,147048349696,-12.029154416559
WMB,🐻🧊,68.62999725341797,-0.5074022709226844,-3.4875591838661535,-7.890234664347881,-5.004285407732573,-4.315938927939368,16.685609519698147,11.038089440046768,0.8278095555946984,19.019065166335864,3.15,78.24972534179688,54.83982849121094,72.02750869750976,70.08448215484619,75.90744579203732,68.19293720356814,False,0.10707131276263786,False,False,False,0.91443,0.00445,1215840699,0.618,26.35528,83138699264,-4.7169637066862125
OSK,🐻🧊,131.67999267578125,-0.8359068201470263,-2.8120249929246928,-14.554544056671483,-8.67609771377534,-9.82081576727618,6.022892682931624,3.8546959946326336,0.9681570160436518,18.944461796916485,4.32,176.50205993652344,117.23973846435547,148.86029571533203,145.9806255722046,160.6350568737181,127.45094013555924,False,0.2303764645463849,False,False,False,1.05341,0.00728,57945841,1.262,9.202921,7953314816,-11.541225923939418
OTIS,🐻,65.62999725341797,-1.0553362857122484,-3.9373572210510988,-7.732321400779629,-6.529150587918778,-13.819584715281453,-23.602347173255183,-27.40993639233184,1.1026759703313758,36.78904267899819,4.52,92.49552917480469,65.62999725341797,70.65972579956055,77.6726774597168,72.19380213957496,65.130197646802,False,0.10287501825989907,False,False,False,0.96141,0.0014300001,379927034,0.875,14.185554,24484653056,-7.118239547674356
MMM,🤐,168.49000549316406,-0.5841339741160584,-1.0628288468342852,-1.9437794926956642,5.793686349383489,17.126492646235207,6.7245849960682005,10.00017732064913,0.984984026643762,57.67933381579317,3.57,182.97898864746094,139.8612518310547,173.44104431152343,159.49893669128417,172.10691743260952,161.4090844594803,True,0.06415184226507085,False,False,False,0.76704,0.00096000003,514856003,1.074,16.699509,84655833088,-2.8545946768324537
UEIC,🐂🔥,5.289999961853027,0.37950628081401805,0.5703371039124214,16.008772548986393,18.665267718844007,35.08255774147049,54.166244562147334,18.665267718844007,0.24382763379849717,72.99269082176048,1.88,5.589030742645264,2.623422622680664,4.742926979064942,4.064890569448471,5.546960426440171,4.37403952969081,False,0.23645215239105383,False,False,True,0.69935995,0.08312,9976775,1.182,9.490909,67260024,11.53450148405911
EXPE,,266.3299865722656,0.7947528662995658,2.8142286082728973,-16.016022113696458,0.8217681925616878,15.760841161834357,-5.453361431571429,23.10494529284906,1.1357114255205552,45.188005426188106,3.78,338.6418151855469,187.4331817626953,297.63521850585937,259.5335829925537,310.58830635870186,252.14969412957942,False,0.20769385461232734,False,False,False,1.08676,0.0061500003,113551501,1.25,10.764343,31609012224,-10.517986443522126
KTOS,🐻🤐,43.04999923706055,-2.3145007143793226,-6.737436353189069,-15.555120393058989,-18.8348444683798,-38.94483345230255,-43.28810807507702,-53.6897594007708,1.3161215180044648,31.822650804543954,3.12,130.72000122070312,43.04999923706055,51.502199783325196,69.44879997253418,49.97412339680522,44.129876313277784,True,0.12420826110542545,False,False,False,0.85397005,0.01291,185271564,1.113,38.766445,8013823488,-16.411338897802203
GEN,⚡🐻🧊,20.850000381469727,0.0,-20.510862579709794,-32.741934253323464,-19.793510610182143,11.811711185635852,-22.153387822281296,-24.37392006278441,2.2836467990993885,14.331459682399668,6.31,31.40999984741211,17.716535568237305,28.158632507324217,24.50085841178894,35.46982226479396,20.932177590247537,False,0.5155010358465854,False,False,False,0.93861,0.09729999,453381790,1.215,6.658221,13180886016,-25.955209735250723
ANF,🐂🛒🧊🤐,133.58999633789062,-0.4397051498700194,1.013229745096881,-6.632656815569255,44.70320275074713,46.20771842199377,6.133306922103986,55.04873567761878,0.7798251082428045,27.696027453285865,2.17,152.0800018310547,65.61000061035156,122.48659927368163,101.08269981384278,151.75878338672865,127.76121325633775,True,0.1717055696808314,False,False,True,1.15534,0.022179998,39054903,0.966,10.48923,5715486208,9.064989256008145
GEV,🐻🤐,962.489990234375,1.339268500958034,1.1210084709347499,7.118288632773961,-15.150525768098147,10.31982700784719,47.53944154745125,59.14798587337019,0.6579973585352609,52.31997578084635,4.2,1174.8599853515625,546.9464721679688,968.4094055175781,912.6960095214844,988.4782401770894,884.4177681236918,True,0.11112253066074762,False,False,False,0.81647,0.00126,265776944,0.967,37.82929,253147398144,-0.6112513209265431
KMI,🐻,30.450000762939453,-0.5876539430588854,-2.9327384497335824,-5.552111731814491,-3.106501962502754,-7.489490951921401,13.931406664363951,11.922613786264884,0.8237544051759371,36.592184128506354,4.02,33.99227523803711,24.860595703125,31.537773094177247,30.99103621482849,32.253082253286266,30.278917525461296,False,0.06314094335092477,False,False,False,0.70847,0.12699,1935692252,0.551,19.520374,67138084864,-3.449109510647811
XP,🐂✨🤐,20.270000457763672,0.1977306793498911,-2.9214498444478565,11.190350887288563,25.278121603493116,7.839089855980724,25.428005688291407,13.764504352938381,0.8849779753553209,63.8826243415767,2.54,22.656522750854492,14.9399995803833,18.050499954223632,18.014410576820374,21.21917162908958,18.87232846246315,True,0.11707435048662133,True,False,True,0.83053,0.0073400005,403301878,1.104,8.96807,10653765632,12.2960611017353
SMH,,606.9000244140625,1.1483166174392436,0.9128633568921342,9.03113721687234,-2.18547482164634,58.29421859039511,68.52248248838633,82.441326200163,0.8844209978059061,61.50915872115241,0.0,668.9099731445312,324.091552734375,567.7216009521485,495.5624017333984,621.9129013685047,525.4680983873548,False,0.1681129511499171,False,False,True,0.0,0.0,0,1.0,0,0,6.9009922110073525
ODFL,🐻🤐,177.4600067138672,0.3449254109691751,-0.14629445478849679,-11.11441024125405,-18.454936013522854,-8.924813366651813,13.653984283917547,28.24107562660494,1.2041122838582259,41.952796023549595,5.15,248.3442840576172,125.50997924804688,199.69107666015626,199.0235343170166,189.4328983097019,169.91810114098172,True,0.10861134210591412,False,False,False,0.81297994,0.082370006,185716885,1.165,26.019356,36153204736,-11.132730775007516
HUBS,,197.6699981689453,-2.54880608473939,-12.547007372257344,-24.368683330367514,5.300445814798359,-19.0208958515473,-50.74258555150429,-55.100511489166315,0.8413089444153555,35.3487089906279,2.53,494.5799865722656,170.27999877929688,230.2193991088867,248.82319938659668,262.23562417675265,196.47837728809108,False,0.2867025932440445,False,False,False,1.00243,0.037019998,48006690,1.181,12.171457,10493071360,-14.138426677304688
CAT,🐻🤐,826.6400146484375,0.8159036943482689,1.8004476201987112,3.657823493917072,-16.465081750752965,17.120252067187362,45.179819299031514,73.47055225921312,0.9515015536859683,54.02382621131499,3.54,1062.92822265625,476.53045654296875,827.2736010742187,789.9337045288086,835.2521673332766,776.2378351081296,True,0.07324194644179027,False,False,False,0.73504996,0.0022,458222316,1.594,25.041897,372699791360,-0.07658728925454854
CVNA,🐻,63.619998931884766,5.209190751765977,-0.5160310040933282,-13.395045297063971,-6.2619767831249975,1.1832805644460942,-24.62442604859206,-19.551859661281977,1.422265370629038,31.700912690144975,8.14,95.69000244140625,56.25600051879883,68.72959991455077,72.377649974823,76.9980223424837,59.592978786666684,False,0.25484905172281563,False,False,False,1.05339,0.02099,706360389,3.497,27.647121,69323325440,-7.434352868369095
BITO,🐂🤐,11.210000038146973,0.3581017151281774,-1.2334831596245732,5.56549184545178,38.254383501127016,21.31532876200958,-6.893937839770315,-31.387740668948886,0.8087640547360854,63.157896623812256,0.0,17.457124710083008,7.948669910430908,9.829307594299316,10.075130603313447,11.756111550306017,9.855888438249892,True,0.1758488907146345,False,False,True,0.0,0.0,0,1.0,0,0,14.046690782659145
GTX,🐻,26.239999771118164,1.469447609426934,2.901959886737898,-2.344626157195194,-21.648936091448967,45.19839435828,51.95996443708454,93.70766614534217,0.6778446546288335,38.69801615140685,2.39,36.12245178222656,12.31381893157959,28.05556972503662,24.523915109634398,28.184910470192293,24.88158943062558,False,0.12449741534643025,False,False,False,1.00466,0.01051,184436392,0.795,11.323152,4854423552,-6.47133518125726
AMZN,,246.6699981689453,0.21125504178546498,-1.0430481241031015,-5.042919274265012,2.0562686319633694,18.43760172312145,6.8668184480485905,11.802562076705723,0.9776804263482475,43.23175587092067,2.51,284.0199890136719,198.7899932861328,256.08699981689455,241.0134499359131,261.03641539679046,244.2375851525259,False,0.06649394279539995,False,False,False,0.68717,0.08866,9810475783,1.443,23.78359,2687409848320,-3.6772665752976565
ENTG,,154.77000427246094,2.7484559884793764,2.544233606986631,14.398707925965152,-6.22852747549398,32.21443646910401,84.13893684391019,65.28990897898555,1.1653532075740827,60.83426576833724,3.88,183.84426879882812,68.63722229003906,140.19608505249025,130.9955186843872,157.9322806311589,122.9207177208919,False,0.24932304882413833,False,False,True,1.1076,0.0051200003,152115456,1.364,30.7158,23540367360,10.39538244917048
SYK,🐻,278.7699890136719,1.2567620085579134,1.9641533420153279,-13.906732698238445,-11.046945983139427,-14.935267445783513,-20.25762901725305,-22.842578752687707,0.8957808538988579,53.6188176557655,2.69,385.3855895996094,269.75,313.5939990234375,330.3665367126465,312.2728124001923,253.76218515840145,False,0.2067385497156793,False,False,False,0.82812,0.053639997,348142404,0.768,16.471838,105632186368,-11.104807527634781
IBM,🐻,219.99000549316406,-0.3081491283018213,-5.486333268192629,-5.934916797286654,-22.596295965020204,-7.917470226376302,-24.218835496660002,-21.215727668154088,0.6713378308084481,32.84016733502152,4.58,326.8851013183594,204.30442810058594,230.51583892822265,253.95871757507325,249.06012566675525,218.2988724411549,False,0.13163864759269175,False,False,False,0.66586,0.00105,940193593,0.708,16.727602,207203614720,-4.566208328242507
FE,🐻🧊💀,43.63999938964844,1.4411876459496331,-0.022914400643351072,-4.840822483988419,-6.367895283619822,-12.105824305904655,0.4085253074603857,-1.25458004536952,0.9896509514447865,23.82890253168688,7.4,50.875709533691406,42.74405288696289,46.57070518493652,46.738006324768065,47.80731941050873,42.72568115406646,False,0.11226046247782663,False,True,False,0.95648,0.0013799999,548267122,0.441,14.691125,25072470016,-6.293024302831542
COST,🤐,924.5900268554688,0.18095219263175,2.1985204355104924,-2.0447284634277274,0.15033310097010763,-6.927350659195451,7.691944034960803,1.3783957132788078,1.0159129806892748,62.32487717370556,3.81,1092.5828857421875,846.2649536132812,933.7738562011718,958.7872900390626,937.4079429699774,882.8030433581476,True,0.059998428777735396,False,False,False,0.74468005,0.0016300001,442388333,0.855,36.39254,403522781184,-0.9835175063762471
DKNG,⚡🐻🧊,19.59000015258789,-7.419658346624381,-7.811763987821692,-19.349528965785197,-23.981374448574936,-9.389457020564516,-43.151478023645815,-44.28327577473019,2.021471423560608,25.86002640874547,4.14,36.2400016784668,19.59000015258789,23.796400032043458,25.965150003433227,25.955806683858558,19.93719315592416,False,0.2622889568756024,False,False,False,0.82984,0.086160004,424195161,1.628,11.307639,9432627200,-17.67662282442456
PFE,🐂🔥🚀,28.719999313354492,0.0,1.916249121117043,0.9135637289028871,22.37196579301682,5.786292110108141,21.29469230079564,12.951848057006002,0.9943961721333734,77.32552208087152,4.64,29.020000457763672,22.642059326171875,27.109289321899414,25.753924617767336,29.11749686394392,27.09950276221575,False,0.07179302044391318,False,False,True,0.69121003,0.00104,5692036026,0.299,9.84521,162554691584,5.941542665797273
KOD,⚡🐂🔥🚀,91.12000274658203,1.3345246909170325,189.08629893163064,143.9625340539622,144.68313275955126,139.03464139493036,225.89415497221793,478.1725978632613,2.1895344374361834,92.75275837404486,17.79,91.12000274658203,11.600000381469727,40.40360000610352,34.54669996261597,74.54599472451278,4.424004970311444,False,1.7759146517711637,False,False,True,1.02427,0.051609997,39559838,2.18,-25.311995,5958128640,125.52446498039063
BSX,,43.880001068115234,-0.5214226684511828,-1.6584443780448863,-9.151135069902551,1.9043187846548535,-30.07171144523469,-53.980071557080635,-54.220133785434996,0.6862734040683439,43.97322730521953,2.28,104.9800033569336,42.630001068115234,46.88159973144531,62.467350025177005,48.15114120364172,41.527858124971566,False,0.1477109050782396,False,False,False,0.94865996,0.00254,1444983283,0.568,12.790947,63258873856,-6.402509045178315
SCCO,🐂🛒🤐,202.5500030517578,-0.039481729816349335,0.302070220350996,-3.025801796894679,22.105250667152106,21.62387729200651,47.73663618590822,75.35006098268985,0.7758431093620586,42.97970857902581,8.79,219.6999969482422,114.69290161132812,195.74718841552735,179.4660604095459,211.51103519373655,187.07496486729863,True,0.12261379136595885,False,False,True,0.09791,0.90056,93173326,1.151,27.848974,171097800704,3.4753064354567464
PDYN,🐻🧊🤐,5.21999979019165,-1.1363715384942585,-4.044122513138661,-8.581440362202496,-13.719014452500321,-14.003300781408035,22.5351997589398,-43.44528657552998,1.065174332694061,26.956495418420772,8.77,10.300000190734863,4.150000095367432,5.710399980545044,6.2116000056266785,5.928098931036092,5.2389009812258704,True,0.12343475512226797,False,False,False,0.26543,0.34198,34497980,3.663,-7.068493,254586720,-8.587843093726443
COPX,🧊,85.4800033569336,0.2580356734587008,-1.780989824317913,-7.947444760834175,13.534336986977943,12.338552688110589,19.474138419165023,45.02163409514756,0.6023660802176364,28.50243423543563,0.0,96.44999694824219,55.92421340942383,86.904599609375,82.39716762542724,94.26927137209407,82.16572923825748,False,0.13720114594004723,False,False,False,0.0,0.0,0,1.0,0,0,-1.6392645025059445
MRNA,🐂🔥🤐🚀,203.4600067138672,3.132607447693709,11.723686800263533,44.976494244737765,180.63449201912715,300.5118302549802,589.928817541502,637.1739271803327,0.8684925118283776,89.51658541683403,0.99,203.4600067138672,22.360000610351562,115.6984009552002,65.97322520256043,207.75182676869468,115.8751751844303,True,0.5677934846584405,False,False,True,0.80456,0.07337,372187658,1.106,-43.266964,76880863232,75.85377588118035
OKTA,🐂🚀,204.8800048828125,1.3354497501446785,-0.23373379728889007,18.40037727233968,45.863587562099504,160.29730309478526,136.93766854459,123.44857610156505,0.7083265231998547,68.3699072629407,1.93,206.63999938964844,62.93000030517578,160.37890014648437,110.31462516784669,213.96370688988597,154.8517914621648,False,0.3205500619786656,False,False,True,0.99314004,0.0055199997,166726719,0.789,47.758583,36556804096,27.747480931520546
TMO,🐂🔥🚀,679.6099853515625,0.14883728292988907,2.1509090366986157,10.21405702287935,32.49389543520987,38.50887691144708,17.60906538081862,28.50192093968515,0.8363343891627619,87.04377143676966,2.87,679.6099853515625,437.5656433105469,609.890732421875,540.4400759887695,698.2213155659831,578.3942239847981,False,0.18772619926489384,False,False,True,0.94073,0.0013,368822918,0.854,24.504278,249597902848,11.43143340657637
HAL,🐻🧊,31.540000915527344,-2.74437058671996,-4.453188369436981,-14.012538868714614,-4.0097531775496735,-18.38631578666824,13.146994359634604,29.2314290686945,0.8973184426879469,11.341628585644173,3.23,42.6002197265625,21.386953353881836,33.94865272521972,35.103402557373045,38.67516888697414,30.93083010594578,False,0.22251929124143704,False,False,False,0.90443003,0.00401,828614800,0.769,10.962758,26493544448,-7.09498497388983
PEG,🐻🧊,67.68000030517578,1.4236428899317266,0.5496995394479723,-6.864366670138318,-14.916703097332315,-14.897978722751093,-13.519656517870166,-15.203368177149523,1.0561524227649142,22.42152926626079,3.79,84.74165344238281,66.55999755859375,73.32552062988282,77.77402713775635,75.23472785000394,65.6556621646445,False,0.1359789788979007,False,False,False,0.79363,0.0012800001,497099217,0.519,14.4122305,33563602944,-7.699257061130611
LEA,🐻,119.31999969482422,-0.7651348846393522,-1.947573916536971,-3.94547101325772,-7.923495691344256,-0.32277565135589803,5.978168763313331,20.82489985473519,0.8728814170265223,36.7282925598669,3.76,147.76536560058594,94.39464569091797,127.35229461669923,127.13868045806885,134.2428192272836,115.82318190186677,False,0.14731820593159106,False,False,False,1.10814,0.00488,48988369,1.272,6.995237,7857819136,-6.3071458162967104
FLNC,🐻🧊,7.820000171661377,4.266668955485026,3.1662302159757814,-27.659575688169507,-57.40740788836152,-43.168604348948875,-60.46511678363561,-41.85873395868371,0.8417648820688192,26.81452142041698,4.76,32.22999954223633,7.269999980926514,11.256100015640259,17.173100006580352,11.57416444380242,6.21783561151069,False,0.602105307513441,False,False,False,0.84602,0.14434,88953264,2.736,-28.835323,1495010176,-30.52655750397073
INCY,🤐,123.19999694824219,-1.2978711348684664,-1.1553293071709085,-0.016234598492745698,8.250592734451212,30.896720519609417,24.73423219144227,42.09919410007548,1.1290757031265397,43.73606054803029,7.62,129.92999267578125,83.80000305175781,123.54679992675781,106.53735004425049,128.9399093839017,120.85309140955533,True,0.06474815506166243,False,False,False,1.03492,0.01845,170726231,0.77,13.657112,24597370880,-0.28070575581174195
IDR,🐻,28.709999084472656,-0.17385655080408075,-4.363762003048962,-11.770134367842314,-12.335880658098759,-10.616438234146647,-28.75930613400492,-16.126206636236017,0.7313771934064872,38.14074504557666,7.1,52.65999984741211,26.350000381469727,30.868800010681152,36.67175000190735,32.45648457285997,27.645515472916394,False,0.16009347763067214,False,False,False,0.48457,0.055570003,14946710,1.269,35.443035,443132768,-6.993472131930988
TLN,🐻🤐,314.8399963378906,3.736407360095758,4.827861815542912,6.451171876612244,-12.735943656629845,-1.3751885779390316,-16.006829737004484,-26.26525128491307,1.1930551130933418,47.25535991254332,3.16,445.8399963378906,282.1499938964844,322.36240051269533,352.48524993896484,325.93523431254073,278.81476568745927,True,0.15583453865260508,False,False,False,1.0217199,0.01365,38113397,1.63,10.16722,14982309888,-2.333524059518367
GLXY,🐻,23.06999969482422,-0.6031856750140772,-10.546727895094794,-6.219514889918461,-10.788866394730585,25.040643581787624,3.1753088778716854,-35.61261926917091,0.7590817630858437,41.626409376292386,5.48,42.86000061035156,16.84000015258789,23.117900047302246,24.936700019836426,27.688609818659362,21.45639006689972,False,0.25362579168876703,False,False,False,0.83859,0.022669999,190288026,3.676,-66.74297,13400621056,-0.20720027502505461
LDOS,,123.0999984741211,0.6129955123445601,-1.2751655595101328,-11.917990028886162,19.82128578968275,-20.30861651786133,-31.12897602488941,-35.01771219453925,0.8412858914432891,40.61841528606907,4.62,197.2655792236328,99.67627716064453,129.36886123657226,147.2934490966797,136.9126193810131,119.99012567513925,False,0.13174241250069174,False,False,False,0.84725,0.0055400003,124554782,0.572,9.555069,15288716288,-4.8457277141734405
ITUB,🤐,8.09000015258789,1.2515692657614679,-1.1002463231076445,6.349032128127129,-0.38116653541485473,-2.344823394289202,15.42147783379921,25.2878910732721,0.767502559857964,50.36497163342732,1.06,9.375423431396484,6.073493003845215,7.989505844116211,8.066305048465729,8.52955007087616,7.845149855500184,True,0.08359239783973639,False,False,True,0.2378,2.0000001e-05,5850079289,0.144,8.63369,94016569344,1.2578288373828228
SLAB,🐂🚀,221.1699981689453,0.06333954233435518,-0.03615901968573446,0.9678133246529018,1.2775864198876559,6.255106727956932,69.21958939029636,69.10314972268996,1.528140644226069,59.036026448401316,8.39,221.97000122070312,116.08000183105469,219.03939971923828,201.34155021667482,222.01224231476283,218.78875866179965,False,0.014625573198889245,False,False,True,0.93982005,0.01608,32756149,1.357,50.807236,7393406976,0.9727010083290993
DASH,🐻,187.10000610351562,4.882564461947416,-1.1465092830142924,-19.262966398335244,-0.937146746138081,24.60873373894716,-17.38784456327813,-30.092663330151282,1.4014769954847253,40.53550817930294,4.16,281.739990234375,146.60000610351562,205.43790008544923,187.34645011901856,225.37965174830344,174.0248480685911,False,0.25715686079278405,False,False,False,0.958,0.0059100003,382201430,1.788,22.538094,79531843584,-8.926246799790203
SMCI,🐂,41.02000045776367,-1.8190482138304966,-1.0135091285321967,10.032193672022796,48.35443408206483,80.1493176684477,40.14349100183697,-21.702613216924995,0.6654121738287905,54.90380283003719,2.47,58.68000030517578,20.530000686645508,35.72779975891113,31.858299913406373,43.747356671692366,35.0786423975215,False,0.21994556051384076,False,False,True,0.69574,0.12696,557625648,1.996,7.711344,26981568512,14.812556985215897
GEHC,🤐,66.45999908447266,-0.4791849366182154,0.5598468256683831,-6.696622276652779,2.5247365689287276,-6.53287915121005,-18.853538986523105,-11.817658364483645,0.9126973737696651,59.32081832995597,6.01,88.03240966796875,59.451412200927734,68.55180572509765,71.53247165679932,70.58153598778026,61.76646167762502,True,0.13321054289678053,False,False,False,0.94003,0.00369,450195687,0.821,12.078246,29526730752,-3.05142456642708
CHWY,🐻🧊,18.260000228881836,-1.8807112842062108,-1.5633370356119998,-23.27730750323728,-11.359223831339275,-32.370369522659864,-44.75037624688952,-53.818918042282746,0.8230101680273699,27.964602307655696,2.67,39.540000915527344,17.510000228881836,22.108399963378908,24.721399993896483,24.880209921116577,16.939790155177366,False,0.37974269495232793,False,False,False,1.01658,0.026800001,46864717,1.424,9.735016,7315076608,-17.4069572690547
PAA,🧊,23.93000030517578,-2.445985995411633,-2.0867439350958303,-6.705650444189157,9.442066862163333,11.016822047182503,41.02305518262773,52.03334498062444,0.7083086225102339,20.909099841574516,6.92,26.100000381469727,14.640755653381348,24.61602752685547,21.4888134765625,26.578204753406123,23.99879548310511,False,0.10199929842572805,False,False,False,0.41581002,0.3419,463521886,0.488,12.430693,16736035840,-2.786912798709088
IONQ,,43.90999984741211,-1.5029204937713818,3.2204957743306206,11.701852743374717,-14.571987268708009,52.30662491714478,-2.139512162525321,-30.401014834026807,0.7591830371441115,68.69734857465522,2.22,82.08999633789062,26.59000015258789,40.05479991912842,43.546100025177005,45.79325621299012,34.18274400063293,False,0.29034990950646383,False,False,True,0.50617003,0.00717,378186707,3.295,-33.934235,17769248768,9.624813845200645
ITW,🐻🤐,267.07000732421875,-2.468677493165224,-2.322436468314324,-3.0141220685414822,-0.7063962106782817,3.226139007292303,9.77935495573564,4.6988535868241925,1.8313239606761664,55.57163866659601,8.21,297.32000732421875,236.5846710205078,279.5982019042969,266.8511538696289,274.8006760075258,263.9303268000914,True,0.04035538757110009,False,False,False,0.86816,0.0037200002,257732608,0.997,20.768017,73273344000,-4.480785103319942
DD,🐻🤐,130.1199951171875,-0.6565892795877867,-0.5806920364233623,-3.321198708915264,-5.616766758679007,-4.504315845124325,9.235162460446091,34.857925082163675,0.8523280405518816,56.5710759448095,4.04,152.6917724609375,90.91117095947266,135.65648345947267,136.57176483154296,134.09000697117636,125.32799229640177,True,0.06755132411407554,False,False,False,0.79923,0.00159,134463641,1.085,16.308088,17540732928,-4.081255979143225
CMS,🐻🧊,63.45000076293945,1.357831165394918,0.4750581628055971,-6.773430739085011,-15.750712012028378,-16.913082875930876,-7.133994967950049,-9.58647086552402,1.9006436512580456,17.84742978280653,0.0,78.68887329101562,62.599998474121094,68.87587837219239,72.04415029525757,70.28428632753108,61.61771142942692,False,0.13140930456676098,False,False,False,1.0369,0.00546,311473033,0.331,15.179883,19780448256,-7.877761761429025
PCAR,🐻🧊,111.80000305175781,0.13434977503707243,-0.2587146896308568,-9.933130165537522,-7.5420327155903495,-2.6456937983728763,2.9467635999448096,17.24103279734255,0.8047859736891928,14.755291354622003,5.25,137.84500122070312,90.76243591308594,125.73708801269531,120.22945953369141,128.4642757470898,108.19372367307622,False,0.17130671368538825,False,False,False,0.76262003,0.01858,515985036,0.972,15.199457,57800134656,-11.084307089671356
BALL,🐻🧊,56.650001525878906,-0.8401882255595128,-3.6892182594422187,-9.749884228169565,-7.966798915640632,-3.503356907461794,8.00379434355391,13.813270754570208,0.7604629200280646,27.641279713869565,4.55,67.09719848632812,45.77046203613281,61.989501953125,59.62588621139526,64.24449243799451,55.98250798925159,False,0.1374397501290496,False,False,False,0.90553004,0.0025600002,263660426,0.951,12.388426,14831329280,-8.613555939332596
GRAB,🐻,3.119999885559082,0.8077498131745868,-2.5000050291418283,-11.864409062707859,-19.794349577891868,-14.754103486558959,-37.47494932529928,-47.11864686224587,1.057887150856583,54.44443973494215,4.69,6.389999866485596,2.7950000762939453,3.3733999967575072,3.867999997138977,3.5454010855608327,2.6865989316053054,False,0.2756104465949755,False,False,False,0.67102,0.13488,2998810540,0.89,22.783882,12723948544,-7.511712558308885
WHR,🐻🧊,30.670000076293945,-2.3248393347289373,-6.863043449552047,-24.902056900823755,-23.649485998721406,-43.11943412869397,-56.92464923134193,-60.159688661148195,0.8174605447827457,21.1069487036209,0.01,91.61157989501953,30.670000076293945,37.95659969329834,53.8255811214447,40.03885649747723,29.01414280824787,False,0.31931165336985773,False,False,False,1.03644,0.0072600003,61180488,1.146,8.325712,2000316928,-19.197187513851304
BBAI,🐻🤐,2.6500000953674316,-0.3759394789693757,-6.690134667044667,-15.33546330745819,-27.197801675964662,-24.71590597367236,-50.92592502654173,-62.03438269160365,0.6508215762307595,37.50001655683963,9.03,8.90999984741211,2.5899999141693115,2.963999991416931,4.0227999901771545,3.0210173046893085,2.6639827096158064,True,0.12560583788042184,False,False,False,0.42766997,0.00699,475250967,3.182,-13.25,1270660480,-10.59378869631483
VIPS,🐻🤐,12.380000114440918,-0.7217333653621061,0.08084259478054119,-5.496185084446767,-8.702066878026958,-17.97642418770168,-27.11076825221997,-37.649389110198975,0.7651736231961661,46.28571304009953,1.7,19.855459213256836,12.09000015258789,13.79579999923706,15.03724268913269,13.236121269328521,11.904878810780122,True,0.10590210845285086,False,False,False,0.68535006,0.00476,362501201,0.635,4.9569616,5948505088,-10.262542838214813
COIN,🐂,190.02000427246094,-0.9228787088131425,-4.093272301259149,1.0099985140281582,19.329312809285362,8.825384346969534,-15.972404357776298,-45.107895859925755,0.5902285009457787,57.78071579410014,2.39,387.2699890136719,141.08999633789062,171.725,186.54994956970214,208.2021101170467,162.0968919581486,False,0.2490161620772376,False,False,True,0.68678004,0.01324,219789349,3.388,65.748215,49181843456,10.653663865168696
SNY,🐻,40.7400016784668,-1.0684765018170297,-2.2083489493878674,-8.160502439307962,-2.1378798145890405,-10.751103248628164,-11.266777353183127,-13.584967247279401,1.2405941402105607,30.28038409405127,4.33,49.58897018432617,40.7400016784668,43.56940010070801,43.968490047454836,44.96190763491863,40.38709291439777,False,0.107202537606224,False,False,False,0.08019,1.0000001e-05,2160286185,0.28,7.6338844,98792742912,-6.494003625712611
BILI,🐻🤐,14.84000015258789,-1.9815071593916667,-1.1325787721630793,-8.16831502034702,-14.859438366267835,-34.2198559224656,-39.65026408905449,-47.89325705367405,0.5975984056757506,36.79012473591458,6.68,35.91999816894531,14.399999618530273,16.71559997558594,22.138300004005433,16.160459358361937,14.405040710302616,True,0.11486274682997635,False,False,False,0.08116,0.00035,298444831,0.702,11.657166,6187191808,-11.220655111018841
MCD,🐻🧊,233.97999572753906,0.16266678685575545,-1.8210857096758084,-10.585457433008685,-12.540142033671398,-23.665094844947795,-21.94269228838781,-20.13903746323371,0.8897942409194965,22.238013018645105,2.82,334.5029296875,233.60000610351562,260.0197314453125,287.5128614807129,267.09095406460517,231.45404715609794,False,0.14296365151089327,False,False,False,0.76357,0.0025600002,706580069,0.414,16.665886,163422732288,-10.01452296448131
HCA,🐂,431.6300048828125,-0.2242258915897972,-1.1111633938415433,4.337273814771995,9.964870863902451,-8.441270077192433,-7.052010752895923,1.997892491691554,0.5693526102037727,58.23671396547561,4.85,542.2318725585938,359.93365478515625,412.83658325195313,445.1697888183594,445.6213002040115,399.83671676376196,False,0.10830717202128022,False,False,True,0.78896004,0.16611,144313405,1.109,13.329036,92389851136,4.5522665367545185
HIMS,🐻🤐,28.700000762939453,-0.2779705413390634,1.0919386402102156,-2.9749802671951704,-23.609260058383043,38.246630281878744,-11.610718558765837,-49.03214337950194,0.6999196179086196,54.26439880589391,4.92,62.7599983215332,14.520000457763672,29.473800048828124,27.657199993133545,29.951495007780593,26.90450512954851,True,0.10718270264782716,False,False,False,0.71514,0.0495,213743084,2.412,40.406372,6950406656,-2.6253801159224377
ASML,,1834.3900146484375,3.5553586833956854,5.1461375350768215,8.159150245931361,-0.34061330157282305,39.364966809834115,72.28444585893936,84.04541673443553,1.2641837534157574,60.78576466632736,1.24,1986.870361328125,930.0640258789062,1719.7287866210938,1528.6582235717774,1828.549922509132,1565.762089209618,False,0.15484011628409403,False,False,True,0.20408002,0.00016000001,21331633667,1.363,30.79988,695862493184,6.667401797269959
NET,🐂🚀,352.260009765625,-0.48870886648647566,-0.01986115553813987,15.453451764200363,43.014905305184456,70.71823980687878,78.67614540763452,62.28693159850193,0.6699119002944941,67.32800118204229,2.51,358.82000732421875,160.19000244140625,302.8520001220703,233.00460006713868,380.2749718059021,264.5980292927307,False,0.3587588325642392,False,False,True,0.90186995,0.0061500003,320457500,1.664,207.19034,123659362304,16.31424247607407
RTX,🐻🧊🤐,186.94000244140625,-0.38367324238121664,-2.731671748430613,-10.008180673821029,-2.1999093150090046,-2.3627305887819112,3.0359149291188126,13.465751566008526,0.9338356546667681,23.879837870529315,3.35,225.49000549316406,154.70376586914062,207.11782104492187,193.6997777557373,205.36208154787508,185.27391698728118,True,0.10284850672197335,False,False,False,0.81701,0.00091,1249856992,0.287,23.645494,250211287040,-9.742193357248212
AGNC,🐻🧊,9.449999809265137,-0.10571066428658055,-4.641776440259954,-11.929168570163947,-10.460028695317284,-0.40297971602760274,-3.689607989538768,7.638743826875852,1.065204933336499,16.025636714984117,5.59,11.179944038391113,8.735158920288086,10.444332542419433,10.236230654716492,10.90937426319501,9.279625675769834,False,0.16144916462947284,False,False,False,0.42793,0.0038400001,1177929930,1.303,6.0417523,10752316416,-9.520309020378615
IP,🐻🤐,33.31999969482422,-2.0000008975758274,-6.666669516113677,-12.153969346851019,-12.10368793392741,-4.195616200178147,-12.304143241230628,-24.387631294828264,1.0274461626451112,40.85871976110041,10.95,47.4478759765625,28.62221336364746,38.3972972869873,37.334458932876586,37.269240285730014,32.986760233068814,True,0.12191072708487896,False,False,False,1.02555,0.00241,527123282,0.883,10.984498,17565833216,-13.223059826879432
W,🐂,101.94999694824219,3.3661155705944883,2.462308490695666,2.699708266146061,7.157870088587264,35.55378033409668,1.533705039305703,17.984021094246373,1.0407566141926976,52.9336223321283,4.82,119.05000305175781,57.400001525878906,99.35039978027343,88.20394969940186,107.34336850645951,93.23863070008346,False,0.14063812168760112,False,False,True,1.06037,0.037469998,114405320,2.998,26.406786,14047443968,2.616594572058196
GLW,🛒,158.7100067138672,4.696886699638295,2.7382257271606356,6.710153481487804,-27.9296340300774,17.12330016580013,82.21767432180268,92.60592871564123,0.8672935542975158,42.82772145999402,1.93,255.20944213867188,77.61929321289062,152.6634362792969,149.05700748443604,170.30253591005157,137.45046701963594,False,0.21349633360309642,False,False,True,0.74914,0.08067001,790573596,1.151,35.329094,132447068160,3.9607194636364222
ACMR,🐻,75.61000061035156,-0.44765813239245167,-6.2724651957927575,3.8313662829164317,-35.464323790556065,92.14740417354072,91.66032737160789,72.7044374567383,0.6383606345811709,52.62381850681169,4.51,126.88999938964844,29.670000076293945,77.05110023498536,66.37542490005494,81.25342491175928,63.25757553074561,False,0.24905853984691628,False,False,False,0.77836996,0.12675999,61519742,1.953,27.973381,5636013056,-1.8703167381631445
CPNG,🐻,13.850000381469727,0.7272755015980114,-3.011199996794372,-13.760891394543867,-23.60727510985666,-26.641943871212742,-41.288680407446535,-57.29262950620667,0.8862917346860653,33.69176435843376,5.02,32.560001373291016,13.75,15.551400127410888,18.284750051498413,15.957028688236196,13.416971384243052,False,0.1729459588565158,False,False,False,0.83726,0.0063,1343496196,1.152,50.908424,24931487744,-10.940492380118723
ET,🧊,19.90999984741211,-0.9452762709038526,-2.830648756392853,-7.438402438143071,6.262343614465828,6.696301762824854,27.221015346546988,25.963426036094177,1.2273425508402682,10.313882934956837,4.03,21.729999542236328,15.154951095581055,20.766572456359864,18.772507314682006,22.215063271317813,19.865936675276426,False,0.11164785052744498,False,False,False,0.32521,0.1029,2944572087,0.566,11.335034,68074033152,-4.124766428103666
HEI,🐻🤐,307.1099853515625,0.8207216178795487,-1.1140876102192858,-7.259552767026971,-14.620524067483126,12.043067091812281,-5.023602107428095,-3.90102417987353,0.9204506519942761,45.290162536043404,1.31,374.6700134277344,260.8947448730469,337.7961999511719,322.26252807617186,328.9642959461279,290.9177017345362,True,0.12275431244638799,False,False,False,0.81251997,0.22819,123974601,1.038,42.041943,42371649536,-9.084239137102507
RGLD,🐂🛒🧊🤐,238.92999267578125,-0.5784015504635923,-5.479075152464145,-8.620495062412981,20.480039197425327,-5.719917423051039,8.168243118386718,20.44183112008827,0.7862949798433669,29.78942842170325,3.42,303.0174865722656,168.0131378173828,237.9377996826172,240.33892906188964,266.87063979658706,239.24135971513172,True,0.10918247387183554,False,False,True,0.86894995,0.0025499999,84414364,0.497,18.351479,19995774976,0.4169967926439303
SLS,🐻🧊,11.510000228881836,-0.6902495483418245,-0.08680753892762638,-13.718140200703402,-13.263000513704881,172.10402309650382,205.30504740355843,581.065079241022,0.5039202969354052,28.819438408091656,7.61,15.460000038146973,1.3899999856948853,12.349599990844727,7.6348500049114225,14.528540134081751,10.190459728589147,False,0.35099157972355544,False,False,False,0.37001,0.00922,201148023,2.525,-123.100006,2485951744,-6.798598841948898
SBSW,🧊,10.1899995803833,0.4930891061899386,-3.412327998512449,-10.293633544792067,24.91426675542194,-13.715864636566163,-23.237131915023237,-4.715079066055214,0.8673023977176532,25.073307181793055,1.51,19.67442512512207,7.668713569641113,10.523466682434082,11.992638533115388,12.98605765009578,9.861329091542402,False,0.27353049991128503,False,False,False,0.21023001,0.00029,1409594192,0.966,3.0131843,7385610752,-3.168795151956996
BMY,,62.86000061035156,-1.596744584703506,2.7964007224905436,-5.912284227787852,12.632143099058341,5.894545474408486,20.474676177697816,38.89351116943117,1.4327617920537938,40.74072554880122,5.36,68.08999633789062,41.20759582519531,64.47040000915527,58.554606647491454,67.91088212166599,60.1321182903213,False,0.12150236727218161,False,False,False,0.84870005,0.00097000005,2039548448,0.227,9.505182,127465398272,-2.497889571919856
TRP,🐻🧊,58.2599983215332,0.34273866232843764,-2.1908343595631243,-5.8354082209139175,-10.269557200428284,-5.084385198878005,9.102270826073546,11.369740904803775,1.080631907732961,19.6928059445802,16.86,69.8453598022461,48.332271575927734,62.72589065551758,61.7602579498291,63.58841202000885,57.51262138148041,False,0.10034250687828941,False,False,False,0.72204,0.00048000002,998360000,0.95,20.921677,60193292288,-7.119695371900699
ZBRA,🐂🔥🚀,375.9700012207031,1.102537488194924,1.3341632131978864,6.341398444868014,40.36587368058618,79.82112011100061,54.83485292820187,28.84951170725968,1.033850113471354,72.81656430029972,3.32,383.05999755859375,199.3000030517578,344.0255987548828,265.59139976501467,377.1932481680927,333.14774914636047,False,0.12401226787768857,False,False,True,1.05881,0.00852,46866886,1.607,16.816023,17661542400,9.285472529205768
MTCH,,40.130001068115234,1.569229999800141,-0.8646207462426222,-1.2792138702199687,5.475029908443867,32.19415496860341,26.465931786574416,18.56854691232973,0.8620011535227612,43.157901499737584,3.07,44.400001525878906,28.567678451538086,40.27120018005371,35.16000217437744,44.62003199855852,39.36696827609968,False,0.1250923048871854,False,False,False,1.0944,0.0076200003,227911991,1.323,8.771087,9365651456,-0.35062057079791814
CC,🐻,13.890000343322754,-1.698512166839145,-5.766617645821916,-10.732648015796672,-30.632750027647415,-36.35863481085503,19.523251882537533,-10.788266456940043,1.117070159796996,32.415900178544234,9.23,27.6805477142334,10.32992935180664,15.557520065307617,18.184551424980164,15.759904819083545,13.793095058846141,False,0.13310389932402264,False,False,False,0.91566,0.0037200002,149562891,1.416,7.0381265,2042271232,-10.718416013509358
BRZE,,23.149999618530273,-0.08632049071132744,-10.514113384094218,-31.991777332854294,0.9594387720301676,-1.9483311305786515,-32.487608630983175,-17.439376381365232,0.6458146099416463,46.394978852940646,2.49,36.189998626708984,15.789999961853027,27.299599990844726,24.401399989128112,33.5500149970888,19.506984972393617,False,0.5293563538372891,False,False,False,0.94998,0.14797,94114920,0.88,25.561384,2850969088,-15.200224082792696
LUMN,🐻🧊,5.539999961853027,0.18082733571947351,-9.6247983943423,-11.360000610351562,-22.517484084476337,-20.287768145438218,-28.700129016056646,-8.731469436899324,0.7417805241836982,15.675674421757591,5.91,11.829999923706055,5.53000020980835,6.354600019454956,7.594950003623962,7.394118576572651,5.5148814863698545,False,0.2911514572840491,False,False,False,0.71865,0.080249995,948496565,1.803,-18.893387,5776094208,-12.81906107556709
CIEN,🐻🤐,354.9200134277344,3.1174673611139436,-0.27815746233277217,-7.283170129125713,-23.250581361048077,-8.579964612722016,51.75953343219217,133.93093235706047,0.7812212108928769,56.158107652120876,1.54,627.0,151.4499969482422,375.78580078125,389.09724975585937,375.0621852057252,315.8118138177123,True,0.17152294476782848,False,False,False,0.95931,0.0057300003,141151952,1.309,29.743845,49891078144,-5.552574714141969
BMNR,🐂✨🤐,26.729999542236328,-0.4098383372809196,-2.658410657592151,5.568719843627542,88.90459549717437,35.13649451126218,-1.546961628711365,-48.93458817081978,0.745347342765915,59.237536164803835,0.86,63.201438903808594,13.3100004196167,21.966399936676027,21.79339994907379,29.29647638960005,21.87752358751177,True,0.2899500842383434,True,False,True,0.41426998,0.00659,594473579,1.355,28.117022,15943273472,21.68584574301042
GD,🐻🧊,332.3399963378906,-0.5446514556718393,-3.2009992322828396,-10.504916958248486,-8.007859372643994,-2.292074115106775,0.01873609086342795,-0.7474484439117006,1.3053177054986163,22.929395873664504,2.72,395.9700012207031,311.1605529785156,372.0698016357422,353.4629765319824,373.7648587447863,330.5031435745496,False,0.12285583052975495,False,False,False,0.87614,0.00558,254443667,0.321,17.84677,89778987008,-10.67805157074994
ED,🐻🧊,103.33000183105469,0.4862394156342414,0.7016871809963613,-3.4479489139946495,-6.104129064766297,-7.183159555652535,6.600271276910161,8.747253149604022,0.8562426247855865,28.818756812653305,5.09,113.56945037841797,93.02464294433594,107.20112045288086,106.42488056182862,109.65999130204634,101.49900756880328,False,0.07729704892410982,False,False,False,0.78766,0.00202,369303476,0.259,15.749111,37800185856,-3.6110803744142586
SHW,🐻🤐,330.44000244140625,-0.7061528420852239,1.2191420359317708,-2.470409721525409,-4.2901943806080975,3.591499721883599,2.7055508582210384,-2.240639969259749,1.2986633725531425,61.05094932047843,4.1,369.9613342285156,292.3243408203125,338.3416412353516,332.0114872741699,335.6428284381339,315.79217522397545,True,0.060944386170733694,False,False,False,0.85042,0.063590005,224686650,1.089,23.768803,78476419072,-2.335402395370222
PKG,🐻🤐,233.27999877929688,-0.528741885798129,-3.1952847060998746,0.3632663034266222,-1.3197821839797148,11.367049313753492,15.274943954387785,11.328593009229541,1.003170942634765,61.66343317793188,5.91,255.77456665039062,186.9442901611328,241.78399658203125,223.43398918151854,241.15223329032102,226.04432127510864,True,0.06467475784047784,False,False,False,1.00064,0.01579,86966636,0.797,17.474445,20426674176,-3.5171880368224375
PEP,🐻🧊,128.69000244140625,0.14786182210603113,-1.1445616209903187,-7.321661162885228,-7.860035731457546,-15.362738875076207,-7.603517886489801,-6.452097372552526,0.9298781330159288,18.203540810534136,3.46,165.4534454345703,128.14999389648438,136.55868469238283,144.85239311218263,141.83227428009587,125.78243977019706,False,0.11994732477140672,False,False,False,0.81524,0.00183,1361806903,0.361,14.197475,173099515904,-5.762125102992799
ETR,🐻🧊,99.76000213623047,1.692154625820189,0.5341114192956862,-6.161222437008513,-11.079630517586429,-10.196490588989636,9.885087319015048,9.469599487100233,1.3032697208519224,22.616404731468265,7.1,116.66356658935547,89.56781005859375,106.20474960327148,105.23175510406494,110.26452481330611,96.3694755834224,False,0.13448947610950576,False,False,False,0.97918,0.00217,464503658,0.481,19.445969,47424192512,-6.068229049186036
CSX,🐻,46.93000030517578,0.36356285232005964,-0.5509606465342153,-7.08770171316995,-2.6309255739154724,14.988388922719157,30.64326933920879,35.80924913239914,0.732531118590501,36.956535260031714,4.49,53.08467483520508,33.25257110595703,49.60127151489258,43.94477701187134,50.040001713117746,45.83699871412834,False,0.08767489554867229,False,False,False,0.81498003,0.0022200001,1848606378,1.207,20.451597,86158606336,-5.38548937987358
UMAC,🐂🤐,24.940000534057617,4.090156456725634,9.916262437379661,5.365443403760724,7.407412883573612,101.12904275245182,95.76138918461443,67.83311648901005,1.0560081193310629,52.90262608728264,2.44,34.060001373291016,7.760000228881836,24.197000007629395,18.460599999427796,25.52024503332393,21.865755027711224,True,0.15424344746995194,False,False,True,0.61679,0.05967,47474666,14.731,-75.71212,1222935168,3.070630764945868
RIVN,🐻,14.970000267028809,1.2170406060854997,-0.33289074041951,-6.787043805481312,-12.863795104131464,-0.5315609481208149,-24.048701357769072,2.4640699439512344,1.3898266679591782,35.064947575423545,7.22,22.450000762939453,12.5,15.875499897003174,16.208699951171877,16.327505564753274,14.683494210179589,False,0.1060276267456936,False,False,False,0.40325,0.34539002,945395077,1.618,-8.5706415,21631037440,-5.703755068180856
NTR,🧊,71.18000030517578,-0.3499929986446957,-4.528051272001838,-5.033660168341048,12.833219246835611,-4.083282194981105,18.118187376691253,28.73485170290341,0.6036495600671026,23.06503629913695,2.8,81.9566650390625,52.37259292602539,71.99123962402344,69.09644229888916,82.36954619728094,70.57064545310969,False,0.15429431095709123,False,False,False,0.71322,0.00031,476489487,1.076,14.015746,33524008960,-1.1268583831649213
CDNS,🔥,324.1700134277344,-0.7744103718286988,4.8788434658230075,-4.312528899051206,-14.179439282237055,16.662474943010864,3.707859541029586,-7.89839693625956,0.9806320878940772,76.22266462703845,1.81,416.3900146484375,265.6600036621094,318.19160095214846,325.417900390625,333.13404728160526,263.14995845569945,False,0.23473408024543788,False,False,True,0.91617996,0.00327,274173009,1.137,34.54678,90930634752,1.8788718676722649
DOCN,,135.00999450683594,-0.9391729711289903,-4.390632329332219,21.971263464650725,-6.619177758346925,57.390996069145196,180.56940462103177,276.3869487791533,0.6664293944978699,51.9281443901703,3.7,181.2899932861328,35.869998931884766,124.6779995727539,104.05724969863891,153.2288080653022,102.76619239246148,False,0.39424688437356015,False,False,True,0.82566,0.16674,97720364,1.57,72.430405,15683936256,8.286943141121668
GPN,,83.33000183105469,-1.6174677291011779,-0.7976168677920387,-8.219739936756817,11.3470125589486,24.645469166416454,8.736184015739235,-0.8230370466554131,0.735289051719072,39.05573260528802,6.59,94.56227111816406,62.05564880371094,87.77660430908203,76.05977338790893,93.06542986535194,81.80408917761682,False,0.12879706822968962,False,False,False,1.12943,0.00934,219622679,0.785,5.1010814,21611382784,-5.0658173815539875
ESTC,🐂🤐,88.80000305175781,0.9779401711122016,-2.7169103425772043,-8.969758817288247,51.92472522269315,77.6355272458581,17.709438199883657,2.5167400554738526,0.6777751900235015,55.40409030465564,1.37,99.91000366210938,43.29999923706055,80.6178003692627,64.82145006179809,94.88712634478294,82.04887447919167,True,0.14511746400737804,False,False,True,0.8921,0.118549995,86673451,1.037,23.185488,9627700224,10.149374759689872
BE,🐂,291.25,10.79621311293466,5.835966937793557,41.17789417915297,0.6044905008635579,114.96050497591467,235.1939257059056,222.92936258563296,1.4016611781102133,56.01489065863158,1.46,345.8500061035156,76.97000122070312,232.5172006225586,204.67310077667236,304.7132891227757,221.98271154861106,False,0.31414925296074697,False,False,True,0.86218,0.055430003,289296540,3.811,56.19726,81578188800,25.2595503559246
GRND,🐂,16.1200008392334,3.2671440984817517,4.40415335058718,4.134375425857487,2.7406072042711482,33.33333859208329,19.05465941395234,8.333338140159489,1.245049191159805,64.98740765937166,6.59,17.940000534057617,9.850000381469727,15.872000007629394,13.55014997959137,16.123639150386047,15.004360822911073,False,0.07191456749133499,False,False,True,0.23517999,0.83142996,44845722,0.19,20.038961,2682052352,1.562505238689484
SBUX,🐻🧊,95.43000030517578,0.16794758869241527,1.370300535257058,-10.183529124540442,-7.168780890672586,7.758402789061061,15.382187206343076,15.954124509441655,1.0046650185969845,28.597932623239288,6.74,108.48999786376953,76.50760650634766,102.64606369018554,97.72616310119629,107.13951037595842,90.06249005128768,False,0.173193175400581,False,False,False,0.87095,0.00127,1137606000,0.965,30.088863,107114397696,-7.0300439447827765
DDOG,🐂🔥,268.55999755859375,-0.052108166012891664,6.78754292122105,13.297335962380362,1.5426445866551834,127.49681543070048,97.48509942673229,75.87426517737418,0.7971439342815092,83.89974847501777,2.77,288.1499938964844,102.61499786376953,243.0105010986328,182.8855004119873,274.1139136484894,196.14058922016295,False,0.33162180884041564,False,False,True,0.92814004,0.00583,333020540,1.488,92.10461,98332696576,10.513741729041968
APA,🐂🛒,42.189998626708984,-0.3307422591297697,-3.4553824024439206,-2.2248038591474137,33.313287862780975,0.7807053265670262,76.52516510147497,74.227712935128,1.001324950419849,39.44222756381029,4.67,47.40999984741211,21.16434669494629,41.17040008544922,34.78445391654968,46.63518430795058,41.55581567679063,False,0.11519018113047325,False,False,True,1.10144,0.0044299997,348123274,0.366,9.292649,14553602048,2.4765329924984694
TME,🐻🤐,7.960000038146973,-4.898445077872579,-3.163019713329222,-3.7484933791712005,-8.083138817540735,-11.92399813352001,-53.37448854838852,-64.64769828939157,1.0836500254219952,52.00000653948637,3.06,23.090803146362305,7.760000228881836,8.66560001373291,11.173352708816529,8.5350628442307,7.669937270210219,True,0.1067726711398827,False,False,False,0.60945,0.0,652330978,0.817,7.8755426,12924037120,-8.142540325744658
STM,,53.2400016784668,0.9480469929604588,1.4868520922735,6.368110389248127,-24.585734920926193,54.53865883949515,106.4199013169328,89.45015997296002,1.0982677495022146,56.1357602090399,1.83,79.68085479736328,21.007417678833008,52.14415763854981,47.33266816139221,54.435406700965075,47.33594606697926,False,0.1395178592186697,False,False,True,0.19243,0.00238,641677526,1.513,20.998615,47593283584,2.1015662914973245
RELY,🐻,21.469999313354492,-1.9186847327760053,6.339765950663061,-19.708304049635004,-6.448807844812469,37.01339635495575,55.579703018911296,32.694678049459036,0.7269967972856113,33.072910651873784,5.15,26.920000076293945,12.199999809265137,23.941099967956543,19.411300024986268,27.006736517128612,18.720263337912893,False,0.3624324012283573,False,False,False,0.88611,0.05337,200172675,0.364,13.21264,4517337600,-10.321583627775844
CROX,🐻,122.62999725341797,0.22065760192842362,-1.5968588102271106,1.8690812853761845,-1.2402359170787964,47.711397509023726,43.39336069578796,44.27058500402114,0.6606383346588748,69.55932864414245,4.84,141.19000244140625,73.38999938964844,125.43980026245117,106.04835021972656,129.19278028439396,107.05022050906308,False,0.187455795100484,False,False,False,1.03531,0.03103,46123642,1.514,7.8485394,5624436736,-2.2399613226060615
CMI,🐻💀🤐,521.3699951171875,0.681671573971237,-0.6251842455431483,-7.624030374829813,-23.304219534527586,-2.42849183081976,3.187201738332012,24.571632736393862,0.6863928462140015,30.046584304022048,3.57,724.891845703125,402.10052490234375,588.1333984375,599.8756631469727,567.49673376176,509.0052803983962,True,0.10866947315281418,False,True,False,0.87753,0.00212,137082166,1.226,14.939886,71113342976,-11.35174494386537
HSY,🐻🧊,161.41000366210938,-1.8247064857230415,-4.179277776001335,-8.399070704191226,-8.949947185256493,-21.14589658720204,-9.327272579216316,-11.943328954432095,1.1472683922301545,23.809470849570857,7.63,232.64810180664062,157.5587158203125,176.47466705322265,188.95472450256347,178.78518308259973,162.3798147811698,False,0.09617263438015841,False,False,False,0.91401,0.00321,144803102,0.097,15.986197,31667894272,-8.536445282863149
WULF,🐻,15.09000015258789,-0.19841093385089087,-7.7064232384352565,-0.2643751589588499,-36.00508820435906,4.573803419639425,31.331596633438295,31.560591118423815,0.766645310446345,38.86463636800911,4.05,28.979999542236328,10.989999771118164,16.71299997329712,18.052750000953676,18.087182527072784,14.140817446224332,False,0.24490288470387603,False,False,False,0.89958,0.22878,384051201,4.248,-61.76446,7384736256,-9.71100235327198
NIO,🐻🤐,3.4000000953674316,-5.292474187867602,-7.3569475562291045,-19.62174751686769,-31.589532416533107,-43.615257428399104,-33.33333021675054,-55.55555486298162,1.5013644515297173,31.707329128833493,3.52,7.889999866485596,3.4000000953674316,4.233399996757507,5.077300001382827,3.9643317771022937,3.4086682009631972,True,0.15072930361920062,False,False,False,0.12084,0.00127,1898996284,0.916,26.999374,8594438144,-19.68630183843725
DECK,🐻🤐,77.68000030517578,-0.8677900713108869,-1.1579031366821773,-10.794673091665755,-22.575501956054143,-22.389845991263353,-25.06993182484199,-23.225933908993944,1.065396519033713,40.562541789399496,3.2,120.94000244140625,77.51000213623047,89.09400024414063,101.62905006408691,85.47825437542922,75.4037455940532,True,0.12524096894975245,False,False,False,1.0145301,0.0070700003,134883659,1.15,9.385488,10641250304,-12.811188079654674
NWCL,🐻🧊,7.179999828338623,-5.526316862687524,-8.301406151991085,-32.20019145529438,-34.30924402684039,-30.76181381315874,-30.728413054619363,-29.607843503911702,0.31363920192679373,5.091387761570985,0.0,11.4399995803833,7.179999828338623,10.148600063323975,10.457034974098205,12.027798246410583,6.702201772662903,False,0.568670204839767,False,False,False,0.06442,0.00273,410055461,1.0,0,2171187968,-29.25132743888072
CRWV,,85.93000030517578,1.0109328946005465,-1.1162269317271043,1.2251159418127673,0.2859342400219964,10.920354913085765,19.997206497376006,-37.300256554738084,0.8895962550079545,37.51731622917269,2.47,143.0800018310547,60.81999969482422,86.25740036010743,92.14402496337891,96.21505251468318,76.37294721065862,False,0.22993609446313154,False,False,False,0.76738,0.18712999,328296647,1.0,-48.072308,48049868800,-0.3795616997090269
NTAP,🐂🔥🚀,209.17999267578125,2.333539909111634,6.545097909072603,12.893302528624126,34.170173155101644,105.96740897440135,97.88874519508298,79.61251324363246,1.0356216493332495,70.64189277137656,4.12,209.17999267578125,93.3469009399414,189.24000030517578,136.75522270202637,208.36922564818153,177.17377514527553,False,0.16182605021336136,False,False,True,1.0197799,0.0039,195348521,1.432,18.89049,41263706112,10.536880331034379
MBLY,🐻,7.570000171661377,-2.9487181211442675,-0.5256236682160845,-11.254391457939999,-21.716648273671982,10.189232864089469,-27.490416897282604,-46.61495057303854,0.9470452652578977,37.44074276376405,11.01,15.539999961853027,6.559999942779541,8.359600009918212,8.964999966621399,8.666100708404288,7.448899396499887,False,0.15106438771092257,False,False,False,0.55728,0.32235,175963327,1.21,14.991074,6282886144,-9.445426064883703
NOC,🐻🤐,504.6099853515625,-0.2352713464068598,-1.9070016493327149,-6.501765066110108,-2.5089109539021823,-25.37290394979228,-10.424832324128856,-15.292403823287943,0.8490704500978473,41.060339188262134,2.96,761.1927490234375,493.7743225097656,539.2159509277344,595.0501344299316,537.4086562654178,501.9593368986447,True,0.06821322111114395,False,False,False,0.84476,0.00266,141607004,-0.11,15.876607,68684632064,-6.41783046600003
LAES,🐻🤐,2.319999933242798,1.754384313814067,0.8695644061371431,-6.827312274812934,-25.161290173724087,-11.450380359549793,-38.62433992585939,-41.854638403568316,0.6468147764921253,44.44442972723904,1.65,7.650000095367432,2.0899999141693115,2.4667999839782713,3.200824992656708,2.465732468169569,2.215267526108385,True,0.10701343403860357,False,False,False,0.067140006,0.02686,215910092,-7.713,-8.666666,526337504,-5.951031769455635
RCAT,🐻🧊,6.449999809265137,-0.7692337036132812,-2.124436116557233,-24.912692727695013,-38.86256215493148,-50.72574687487705,-18.66330455373483,-38.3954188656814,0.6198776338862135,20.3180150094188,5.91,17.360000610351562,6.139999866485596,8.359099960327148,10.971999950408936,9.045188671485501,5.948811238869113,False,0.41301553303039307,False,False,False,0.59015,0.08741,139780983,1.355,-11.63964,986534848,-22.83858501660142
INTR,🐻,5.130000114440918,1.7857173267676134,-2.0992301809542493,-5.175595949510612,-6.557371068959515,-35.552762690248144,-38.73894958019081,-42.53388497664369,1.4299408986452262,39.64497942970874,2.64,10.082375526428223,5.039999961853027,5.450599985122681,7.014239077568054,5.976138663001613,4.971861338905736,False,0.1834631574572366,False,False,False,0.41708001,0.23717,246209988,0.949,5.7901874,2357681920,-5.8819188998795475
BKNG,🐻,162.33999633789062,-0.9336662140025909,4.1308548387002055,-18.262066875802084,-10.90010282515419,-3.1301933004944047,-23.66795406408365,-23.453735621288338,0.6750247999207314,33.75515685526709,3.2,218.10801696777344,153.3730926513672,190.1955194091797,182.61929298400878,199.0173027426594,148.50566173487965,False,0.29069527007355167,False,False,False,0.98487,0.00177,748953541,1.068,13.172843,122407395328,-14.645730434564925
OUST,,40.0,-2.200492646215289,1.5744004953487916,16.144023214272462,-33.35554865890384,117.74631558301685,84.84288876243743,45.93214236656249,1.2504422636449972,59.38123112282085,3.09,62.52000045776367,16.6299991607666,38.74840019226074,31.15492503166199,43.09203232210737,30.76996871549028,False,0.3336509553903054,False,False,True,0.51736,0.02615,69948963,3.246,-322.72,2909011712,3.230068342251829
VIXY,🐻,16.68000030517578,-0.6551554756011613,-0.6551554756011613,-3.472224291827861,-22.490706550342036,-51.44104498944212,-34.945395077076526,-48.03737975681482,0.5077083714744989,39.62266018228659,0.0,38.95000076293945,16.479999542236328,18.568200035095217,24.805050020217895,18.03807044584574,16.29192966859518,False,0.10172681453129649,False,False,False,0.0,0.0,0,1.0,0,0,-10.16899713677472
SHAK,,57.880001068115234,0.6258703189960979,-1.0090647174109906,-15.98199799547043,1.9193522363368483,-34.57669235956723,-28.69286389825318,-36.826021247555026,1.6519348083401622,37.70963924703333,3.37,104.69000244140625,52.34000015258789,65.42699996948242,77.31625009536744,71.05532690514484,51.052674422369805,False,0.32762230591465474,False,False,False,0.91583,0.04388,38504521,1.664,41.3726,2510419712,-11.534991524733503
LCID,🐻🤐,4.070000171661377,4.358976208638504,-2.163453823363004,-16.08246903729132,-38.61236649458815,-57.29275670826842,-61.49479385837332,-83.24758115299322,0.8956010092298027,43.58975142730161,7.74,24.770000457763672,3.9000000953674316,5.564300022125244,7.773750004768371,4.746392123968377,3.803607923715338,True,0.22053431461873482,False,False,False,0.68211997,0.1545,156635014,0.811,-0.8135932,1603865728,-26.855127231136077
IE,🐂,10.640000343322754,0.0,2.307699361496682,-3.797468900172981,12.951170458045114,-9.983074297524448,-33.416766907906094,-12.858310318748261,0.905619856984875,47.52852365937577,5.42,19.920000076293945,8.079999923706055,10.252999992370606,12.929250020980835,11.245771383140823,8.987228513862352,False,0.22325338612916193,False,False,True,0.78985,0.19764,127179073,1.265,-17.252174,1583135360,3.7745084486503453
ALV,,113.04000091552734,-0.8681907168004581,-2.0450611604388262,-6.74036649670424,0.44624761576767785,9.080859714235483,-2.6125474633373487,-6.940184092429348,1.1256578286992558,37.256506415434856,8.25,130.7579345703125,98.87968444824219,119.98676193237304,117.65768383026123,125.04566785624517,111.73833101460444,False,0.11240064282298928,False,False,False,0.84642,0.00364,72922297,1.37,9.48879,8194511872,-5.789606207358969
QMCO,🐂🔥🚀,32.86000061035156,4.6496847438166515,26.530617940579,35.059600137253845,200.64043634830523,591.7894865337171,409.4573888692158,201.7447160183039,1.2381807018372455,80.78571308875587,1.82,32.86000061035156,4.309999942779541,20.524799995422363,11.14219999551773,31.906169820867206,19.532830118097635,False,0.4810878795253099,False,False,True,0.37315,0.37265998,31659236,3.154,37.761906,1250085120,60.099005192159304
PAGS,🤐,8.800000190734863,-1.1235891245119385,-3.1903185586907323,0.4857088750169201,0.15261453742198328,-7.3711621643027785,-3.7198135429193,-5.772492010675239,1.204787673295703,39.221831968738364,7.14,11.377582550048828,8.194344520568848,9.051035442352294,9.392429938316345,9.964856102459436,8.735399863727089,True,0.13149084600290262,False,False,False,0.74705005,0.042540003,140513316,1.266,4.835504,2453249536,-2.773552851674489
SDGR,🐂🔥🚀,30.329999923706055,2.813559063410355,3.7632582918116864,55.53846114721054,85.05186731649188,166.98944401709127,69.63088001848465,42.99859138565422,0.8331880929717072,80.06482098697181,9.98,30.700000762939453,11.069999694824219,20.378399963378907,15.77699993133545,34.32407087671292,15.18192926061618,False,0.7733261246312225,False,False,True,0.96859,0.03004,57334026,1.693,-22.999998,2322714880,48.83405948558628
TECK,,64.8499984741211,-0.4757599302723024,-2.9191683960340855,-4.670848803257334,9.415702147954157,25.65695712601598,36.02635576765662,47.64963584035775,1.011323128176152,32.85625889847111,4.47,71.87223052978516,38.05803680419922,65.34741973876953,58.399466094970705,70.78568754259068,62.86408052381556,False,0.11854277240255487,False,False,False,0.77282995,0.02787,469283430,1.603,18.581038,32276574208,-0.7611949586332722
BFLY,🐂,9.100000381469727,-0.5464397720770402,-1.0869503246587322,15.335874974141102,14.754105655210648,125.24753632165454,139.4736972542022,378.9473945084044,1.2234677627260577,64.5390092508094,8.28,9.930000305175781,1.899999976158142,8.242400064468384,5.58330001950264,9.909248079319063,6.339752040843901,False,0.4393496230018321,False,False,True,0.61516,0.1026,219932921,2.091,-179.2,2385915136,10.404740249121303
WH,🤐,72.44000244140625,2.2730489463938914,4.515950069348127,-1.041348459489028,-12.807476539391507,-9.774827051542019,-2.4739934408528925,-7.7953758509756454,1.0958670919680455,62.51681575244743,6.15,88.86737060546875,67.1500015258789,72.34624557495117,77.46787963867187,72.16699177841554,66.59738047500244,True,0.08027437032960612,False,False,True,1.07975,0.025009999,73015581,0.637,13.478979,5331326464,0.1295946537515181
CCJ,🐻🧊,86.87999725341797,-0.1838277348648688,-4.317186857477705,-12.029166287810636,-10.79166464944816,-20.007368782633556,-5.038802839645867,4.262980872894776,0.7445031809721957,20.928215813209306,3.25,134.08999633789062,79.28562927246094,94.8352003479004,105.75609985351562,103.44863448127944,84.45136704459946,False,0.20220614457061128,False,False,False,0.6974,0.0014200001,434478989,1.012,47.455193,37747642368,-8.388449716243523
LAZR,,44.650001525878906,3.2847605798728168,0.790072900329881,4.2980614192081275,-5.980206469176902,0.0,-10.771381476885482,-11.75888760408809,1.8670566875126084,49.64581186064689,0.0,50.599998474121094,32.54999923706055,42.79899993896484,0.0,46.6999208628152,40.083079320290274,False,0.15249165224903255,False,False,True,0.0,0.0,0,1.0,0,0,4.324871117441431
ABT,🧊🤐,100.94999694824219,-0.029715198746174253,-2.4543443501379802,-8.526643358161358,10.295079802674962,-0.35273413765773926,-17.9295348759461,-22.616816767431093,0.9191279538157873,29.773144699486494,2.48,131.54940795898438,81.97532653808594,106.99759979248047,103.53100688934326,109.85209595803592,98.08290465231563,True,0.11320067589558448,False,False,False,0.81816,0.00492,1719845262,0.586,16.293926,171013783552,-5.652092061847629
LITE,🐂,973.489990234375,5.662525777734173,3.8943426077241194,6.4202610347819515,21.51006326657248,38.52381705086494,164.11188580982693,467.96384183205186,1.3604551452302263,48.22178986363889,1.58,1053.0899658203125,149.61000061035156,866.9943017578125,735.071375427246,1007.8649349330059,824.0320682408222,False,0.2007021861749722,False,False,True,0.94344,0.00595,89064027,1.541,27.968569,87122026496,12.283320462504161
QLYS,🐂,178.35000610351562,2.600244045820081,-3.485030259536496,-4.18501843326321,24.33770431394809,103.01651588082166,34.19865635391391,35.761599096064515,0.6559376721492091,54.37433650776036,5.11,195.8800048828125,76.19999694824219,171.34540008544923,127.15994953155517,191.65469275231814,158.07030877356075,False,0.192061670353712,False,False,True,1.10357,0.00448,34315473,0.617,22.150019,6476184064,4.088003538217675
TREX,🐻🤐,44.060001373291016,-0.8550793545470222,1.008717221871876,-3.3347968334833658,-9.509134080932538,20.977494751386885,25.598629057900318,-15.171346672631325,0.9642997715854819,43.22034963726274,7.41,53.56999969482422,30.1299991607666,45.44880020141601,41.96425016403198,45.80979581577071,42.185204260523236,True,0.08238176151156003,False,False,False,1.09321,0.00881,95559735,1.47,21.589476,4437248000,-3.0557436543324363
LAC,🐻🧊,2.630000114440918,-1.8656698160751943,-9.310343863706134,-14.886725323811403,-31.33158833340056,-33.41771942551867,-39.67889830496426,-62.64204362653626,0.7164243258535403,23.584918816256717,3.57,10.050000190734863,2.630000114440918,3.0010000133514403,4.275550018548966,3.164867774427915,2.640132268487429,False,0.1807874253440856,False,False,False,0.32564998,0.069699995,346263098,3.467,-18.04336,954803008,-12.362542394533317
BOX,,32.75,4.499042248076311,-0.030519908563704692,-8.468414987901289,19.307829106570132,38.536382595427135,9.49515268163271,2.0885228513195666,1.4139624268375557,37.20586857581067,5.61,35.959999084472656,21.3700008392334,32.88679992675781,27.649549942016602,36.402729556964516,31.328269817425138,False,0.14984157288126848,False,False,False,1.0500801,0.03229,132382282,0.736,19.27883,4593481728,-0.41597214402884153
WEC,🐻,102.58000183105469,1.1138540333214664,1.393697427724362,-3.381366110770733,-10.966968419396474,-9.855221168166759,-0.2084691868914979,-6.108520233045647,1.2610525731518913,32.58540622899595,6.2,117.82293701171875,100.86434936523438,106.99991424560547,109.81434146881104,108.05297891040689,100.17502096752278,False,0.07566665335596015,False,False,False,0.87803,0.0015199999,324914195,0.457,16.799747,32839100416,-4.13076257650581
ILMN,🐂🔥🚀,272.0,0.036780472879928985,6.507946902426445,27.32293862428481,47.91451460264209,120.67174694624607,107.38029308135624,165.98865080957304,0.5541978773813578,85.27060186620648,5.52,273.8999938964844,91.0,214.24719970703126,160.67229961395265,283.44340223904914,182.32959733370478,False,0.4341763262279884,False,False,True,1.0647,0.0021,149776900,1.467,44.82949,41325678592,26.956151759249053
LHX,🐻🧊,236.47000122070312,-0.5174571911361391,-1.1454393278963202,-10.759439439319543,-18.69315332601409,-30.88059382762236,-18.453308378852213,-19.99419108181344,1.0876598823846904,21.38753415373283,2.64,373.8530578613281,236.47000122070312,267.2779019165039,308.8562096405029,264.4618431188653,231.8158775232245,False,0.13156329304246464,False,False,False,0.89257,0.00454,185233265,0.506,17.48831,44091899904,-11.526542402081924
MTZ,🐻,210.22999572753906,3.008476407380143,-3.3514198242615723,-12.32379814921795,-46.179052351074745,-34.65841918674929,-3.284721695742393,-2.2186066383539242,0.9013876472188751,34.31867684044879,3.87,437.510009765625,190.0800018310547,260.8637994384766,305.4284989929199,249.8727710186092,200.26622739447672,False,0.2204054472019298,False,False,False,0.76332,0.2116,62364934,1.818,17.03828,17154741248,-19.41005375982774
NKE,🐻,35.84000015258789,-1.5114021607183665,-0.5825217445685006,-7.270378427823661,-15.884366577181389,-30.813530272961785,-42.258899291717086,-50.10550595914566,0.8849932074632186,37.395676974837656,2.93,72.18976593017578,35.5099983215332,39.123429946899414,48.34123443603516,38.826853601175785,34.7271457274375,False,0.11147477801777264,False,False,False,0.82572,0.019550001,1176666666,1.11,16.411684,52515856384,-8.392489612408689
JBHT,🐻🧊,229.27999877929688,1.4199103601012004,-2.2801883783737384,-13.63242636644246,-20.82369191556252,8.586244985252495,18.63479100992978,74.22111728534912,0.791513272621585,21.253739542035916,2.6,297.90753173828125,131.60287475585938,264.38348571777345,242.36807868957519,289.01208179765223,212.14791576094154,False,0.3067450172047062,False,False,False,0.78841,0.20436001,73231113,1.289,22.363895,21041641472,-13.277488509985519
JD,🐻🤐,26.299999237060547,-1.1649807071797733,-3.166423472691978,-6.869690332086015,-0.0380092325535049,-7.887686200822832,-5.09543780944374,-24.69557157484025,1.2414356142379959,37.93102767890264,3.85,34.924903869628906,24.525644302368164,29.246600189208984,28.539331703186036,28.187817140105533,26.141182760712336,True,0.07534224385243606,False,False,False,0.16537,0.01008,1173177600,0.339,6.349729,35923300352,-10.07502045737143
CAVA,🐻,53.13999938964844,3.024423232289466,0.07533129317666303,-19.17870815262595,-33.39182727157623,-34.31396985493305,-9.45646509954904,-13.831683205063335,1.032844993473366,40.50704322214116,5.29,97.38999938964844,43.59000015258789,61.94059967041016,72.2777498435974,63.00227393053905,46.686725626956076,False,0.2974874120358976,False,False,False,0.90016997,0.057439998,107912574,1.741,72.63207,6319215104,-14.208128961602359
YUM,🐻,137.72999572753906,-0.39774591886976385,-2.0621553399575188,-9.709487609337392,-14.33604518394938,-10.53396504130716,-7.626328381438305,-8.34607337859908,0.7044665325156787,37.89508592191231,4.33,166.64981079101562,135.57716369628906,146.79589111328124,152.8770943450928,153.3020721018844,131.96166080827186,False,0.14961881817857084,False,False,False,0.91322,0.00161,272150607,0.551,19.645306,37207334912,-6.175850915844845
UPST,🐻,23.139999389648438,0.4776322176434629,-5.357878660178509,-19.316599918332493,-35.25462142440192,-9.785576086591993,-47.08438227332057,-55.61097464891138,0.916619475842073,32.25804705027629,6.64,52.880001068115234,23.030000686645508,27.805199966430663,32.63145003318787,28.75363515753504,22.477364789059198,False,0.24501846050315398,False,False,False,0.63203996,0.12936,83666838,2.165,6.614,2237227008,-16.77815869842527
WHD,,63.720001220703125,-0.8094593093996304,-3.4984061809766827,-9.385663399834849,30.93608337672703,35.13179904521666,40.495450417192984,60.64956072382734,0.8629562386527265,30.523627013130266,5.33,73.57121276855469,33.053314208984375,66.48273132324219,56.33235919952393,72.85077476180477,62.87022514664248,False,0.14707450758386434,False,False,False,1.12581,0.00972,59239721,1.379,17.171291,4338797568,-4.15556047044238
SHOP,🐂🔥,148.25999450683594,2.951184058130256,4.159054602539301,0.6039217066816869,21.894267742137625,24.987347052736403,-7.895885331106335,-0.8758526129795087,0.8239449877160802,71.70877487747849,2.14,179.00999450683594,95.4000015258789,138.8386001586914,129.7488500213623,152.7901377231919,121.95286307026515,False,0.22448087531888908,False,False,True,0.73175,0.00233,1205868426,2.616,60.521225,192442187776,6.785860947442536
GVA,🐻🤐,116.2699966430664,0.43189083052456456,3.2134887422579257,-3.5583949920390023,-22.39354494793761,-2.9319569479352308,0.9927812128498135,7.866267054519964,1.0050863242352603,49.20234045047393,9.11,160.25881958007812,98.20015716552734,120.6884001159668,126.95462036132812,120.75742306999102,111.47657808967695,True,0.07992666822230916,False,False,False,1.12827,0.00928,43420083,1.328,14.388641,5149521408,-3.6610009484381667
CNP,🐻🧊,36.939998626708984,0.8738386241338674,-0.592037733063786,-6.717171590676803,-15.022277300706527,-13.428622412115773,-2.007581875225916,-1.02139034317583,0.8239113416704142,19.700232148954356,7.87,44.77243423461914,36.619998931884766,39.95014739990234,41.00494150161743,40.7231737732038,36.14782613524346,False,0.11903962855718116,False,False,False,1.07332,0.00233,656263261,0.451,17.629587,24240904192,-7.5347626206773795
PAG,🧊,201.77999877929688,-2.625230387684577,-3.758468351222588,-6.837803134494473,14.703843705439985,37.02761400105259,30.5653322111805,17.987470563032364,1.757317354229085,14.844718481259136,6.89,221.96859741210938,138.47010803222656,215.11408325195313,175.99467109680177,223.30263314985666,204.207365934616,False,0.08933249400544466,False,False,False,0.80986,0.21178,17510975,0.829,13.918135,13154899968,-6.198610649326322
PANW,🐂🚀,388.4100036621094,-0.9385581652560068,-1.243321709288595,1.6434194381628728,10.331210724461314,142.27169780289438,110.86319766403012,87.8191479353597,0.717581636234103,69.36995975342876,3.39,396.0,141.6699981689453,357.9859997558594,247.19574996948242,408.567479900032,315.9425207103195,False,0.2556899397156206,False,False,True,0.84436995,0.00756,811259680,0.908,81.4315,324999577600,8.498657469006796
NVR,🐻,6234.6298828125,-0.5306451322655409,-0.11182981028360181,-1.276281274086988,-6.157687005024636,-5.390126772640015,-14.509440636203733,-22.420887030582165,0.6173280896198308,52.395369985963654,3.77,8178.0,5563.6201171875,6294.941416015625,6712.098852539062,6389.792040579008,6087.2080082491175,False,0.04850268993279523,False,False,False,0.91183,0.05551,2620996,0.913,15.362272,16482398208,-0.9580952262665995
BEAM,🐻,24.520000457763672,1.1968671935871522,0.6155092875039554,-16.68365544171809,-26.762243748448284,2.8955121119039764,-11.544007701505162,1.6162507690061607,0.8383025027203482,45.76600693204661,13.5,37.91999816894531,20.600000381469727,26.70510009765625,28.517525033950804,29.79189591384008,21.317604398965095,False,0.33161316244572253,False,False,False,1.07807,0.01254,88330322,2.226,-5.1567373,2525383424,-8.182330835316174
XEL,🐻🧊,70.69000244140625,1.8734732139970969,0.04245510577713359,-5.853074797152591,-10.589944558022623,-9.620785927753829,-2.074279548704715,-9.243934865498447,1.0703493365370733,27.4605234011582,7.55,82.00978088378906,69.38999938964844,75.86644226074219,76.97093788146972,77.5258941841038,68.60308607102314,False,0.12212236200515887,False,False,False,0.98197997,0.00201,623372545,0.399,15.523136,44024229888,-6.823095515070091
FRSH,🐂🤐,12.579999923706055,0.3990438292132902,-2.253301976936494,-9.626437825025153,20.845342056689848,56.66251982615336,2.6938769282126915,9.677416136318719,1.1170183223336307,63.15789067259927,4.97,13.920000076293945,6.880000114440918,12.259799976348877,10.200774981975556,13.475526996987965,11.69747295723567,True,0.14126675747710915,False,False,True,0.91353995,0.082229994,210020348,0.894,15.419485,3337176576,2.611787696168741
REGN,,750.510009765625,-0.23130478356596876,-6.399191475630811,-6.078240762559055,20.27571058526681,-2.6055276891375043,-2.3910949217532007,25.73898402038352,1.1023546503659438,31.00653118462121,4.04,852.030029296875,554.8846435546875,779.5176428222657,734.5595172119141,849.5774843260542,745.1445127442582,False,0.13097326276761886,False,False,False,0.9355,0.02085,95849804,0.193,12.454417,78067687424,-3.721228547389601
GOLD,✨,42.880001068115234,0.07001772476668919,-1.3799413073550224,-2.192119358185584,3.419254946111879,10.296961036613745,30.273848087678303,68.51579672327168,0.4113253385712809,31.320477856857877,4.93,62.00253677368164,23.719253540039062,43.152178649902346,42.998494415283204,48.634419248363464,40.69423790190509,False,0.17777455969368064,True,False,False,0.60727,0.32673,19923777,0.623,11.4128685,1241117952,-0.630738911226972
BP,,43.52000045776367,-2.0481652963349197,-2.18026788965622,1.5162154002188801,21.866866578695973,-5.193972672180429,29.96313394083386,32.79742192619874,0.5244304064656082,37.26413969722611,0.66,46.959999084472656,31.174026489257812,43.553622817993165,40.7120557975769,46.8547493561543,42.55125154411425,False,0.09626865688446475,False,False,False,0.14106,1.0000001e-05,10045575271,-0.22,8.481815,113292050432,-0.07719761997755858
FORM,,136.25,4.031456616083651,3.801619459083694,35.42391330229403,-7.394823979974927,40.47840292910861,144.26318211138096,251.9762418559513,1.101164685084405,69.30884076829022,2.96,159.92999267578125,38.13999938964844,113.1388003540039,107.15454969406127,140.14638049484313,88.41861965774476,False,0.4526306372591201,False,False,True,0.94577,0.00758,77457480,1.241,39.38009,11664205824,20.42729777378111
LYV,🐻🤐,171.08999633789062,-0.4654157045776279,1.2187171351065895,-4.891880083170537,-7.006196156639543,12.182809324159983,20.063155324835527,7.6850397028147315,0.7528996067314795,53.61363223952062,13.05,188.4600067138672,125.61000061035156,177.7763998413086,163.40450057983398,177.82900954562237,165.1439885012526,True,0.07397096049314103,False,False,False,0.85547996,0.32414,157240677,1.116,90.85592,39440044032,-3.7611311227961473
STLD,🤐,221.89999389648438,-3.685058169042004,-5.288317787655926,-4.608374793965019,0.0631310394644341,23.557359194350756,31.656279725769913,58.684882179314414,1.1848188149793075,33.87123730049625,3.18,282.12017822265625,139.83688354492188,243.5365997314453,215.48760620117187,249.10818133926074,224.86181682968459,True,0.10231181130976819,False,False,False,0.86046,0.06565,133548813,1.515,11.321952,31762939904,-8.88433437061215
OSCR,🐻,29.770000457763672,0.4047245894681289,-2.4893554267565956,-0.6341743408378634,-6.677113436482031,159.5466413661671,107.16771534341203,57.513233114439,0.686814106525494,37.851045699257156,3.71,33.810001373291016,10.850000381469727,30.713000030517577,21.711750016212463,34.15817625542496,28.626824354926594,False,0.17619978806168546,False,False,False,0.73976,0.0521,262758826,2.369,14.241449,9518611456,-3.0703596907397706
STRL,🐻💀🤐,504.94000244140625,1.320334152671176,-1.3789057731628418,7.418042966765334,-34.97649727913907,23.981637749511574,64.88913049869227,49.421481781837194,0.6781481548908591,52.62677977576336,2.19,993.739990234375,283.57000732421875,533.387202758789,536.344999847412,536.6458724597887,449.6491226573987,True,0.17641121618396416,False,True,False,0.89698,0.022939999,29908841,1.847,19.364277,15042821120,-5.3333113674733825
TJX,🐻🔥🤐,133.8000030517578,2.72553017409429,1.679464074299718,-0.08214517761430531,-11.31670374312427,-15.678278546646254,-12.087422150393609,-6.158256809551726,1.2941793426643609,70.96064749744403,2.18,167.88031005859375,122.83999633789062,142.1388688659668,152.13976886749268,135.43247754457565,122.83052218076614,True,0.09759009519142478,False,False,False,0.94939005,0.00155,1097422121,0.593,22.916695,145537564672,-5.866703373074058
KSS,,18.31999969482422,0.7700736375047263,7.51172952185996,3.5010341530193023,-1.7374293411640929,44.098108983076756,-8.017730393896601,19.30696804949728,0.7663742639353724,55.91715558946398,7.01,23.984235763549805,11.550614356994629,18.203553009033204,16.724489307403566,19.485834764274603,15.80874512311553,False,0.208365684073367,False,False,True,1.07611,0.04014,111589632,1.404,11.788898,2092929152,0.6396920740320872
SONY,,23.3700008392334,0.171456989533455,0.7327589254458551,-4.845271386748881,15.635833240529792,12.898550617805862,-8.710935582057601,-18.68475634881969,1.0007574533971229,49.076521399540624,3.16,30.260000228881836,19.31999969482422,23.420400047302245,22.402650003433227,24.95505372815368,22.667946035335092,False,0.09605055137967386,False,False,False,0.088190004,1.0000001e-05,5870935230,0.763,19.77311,137540681728,-0.21519362592891164
LULU,🐻,96.87000274658203,-3.6886051073098822,-5.289397826830943,-19.449525173924627,-16.778349246803764,-36.727629729103185,-53.38530201403388,-45.44686672805586,0.5479537832581719,44.88330867364479,1.92,215.8800048828125,95.9800033569336,113.01700057983399,146.51364978790284,118.21247741678978,87.68852432271218,False,0.2964915453174466,False,False,False,0.80698997,0.04541,101712621,0.864,11.125106,10649197568,-14.287229134032712
AVGO,🐻🤐,355.1000061035156,1.5819431482769968,0.030991259519173833,-3.940530211438836,-3.6804495827378507,15.120564818999421,3.165874372043303,7.3038318235593715,0.6939959946049782,44.52267786400264,2.01,479.9350891113281,292.41387939453125,375.1463604736328,366.49922988891603,373.98165281727444,337.79365541026465,True,0.10168376730326609,False,False,False,0.7981,0.01941,4715677998,1.457,18.117605,1676451119104,-5.343608917012572
ARLO,🐻,12.430000305175781,-1.3492069138661062,-9.004389135987816,-5.475280108296793,-8.265681695893324,-12.649327441774929,-11.150818380733241,-26.53664155361887,0.6026892967762443,38.56209618832634,9.79,19.440000534057617,11.229999542236328,13.668600006103516,13.519049978256225,14.144496465190024,12.360503553883461,False,0.1346155751762134,False,False,False,1.0414,0.03142,104488214,1.543,12.089187,1334404992,-9.061642745962684
FIGR,🐻🧊,29.299999237060547,-0.102286691863438,-15.464514235281415,-20.141727081637956,-10.315271260370443,-13.69661685237706,-28.256613301692397,-22.527764480467884,0.9677710740172,26.084612587087378,3.03,73.91000366210938,24.90999984741211,32.82019985198975,36.6731499671936,39.37514319089261,29.48035645815525,False,0.287407303212393,False,False,False,0.76686996,0.06345,145654896,1.0,15.427808,6473301504,-10.725713526439074
LIN,🐻💀,473.3699951171875,0.28175293368995363,0.777057371838289,-2.992583005058381,-10.986997574885315,-3.8989198796260465,12.11120552055275,2.7809056924129565,0.9540930240698469,58.15139613310185,3.05,544.8457641601562,385.5833740234375,481.4495867919922,482.48951400756835,485.6086783433912,452.1465584730151,False,0.07136642602813281,False,True,False,0.88671,0.0024899999,459412830,0.727,24.268147,218804224000,-1.6781802075355086
WOLF,🤐,28.1299991607666,1.9941959339448792,3.6477516336856053,2.6642319430641113,-36.8716375811704,72.3651941592122,61.5738047519165,13.290371515103889,0.8554065478100896,53.25171478914245,7.69,73.5,14.800000190734863,26.96619987487793,29.309549946784973,29.686419462056495,23.19358008017983,True,0.2455688138457982,False,False,True,1.32724,0.00932,31561408,1.0,-4.8250427,1488936832,4.315770450744463
HIVE,,3.009999990463257,-0.9868411765204126,-10.682489831482629,8.273382066205754,-13.005781581572368,58.42105411756734,16.666669747010157,-27.644228344485516,0.703792926449584,46.93877749619868,2.53,6.960000038146973,1.75,2.9681999921798705,2.9002999979257584,3.5666739857225833,2.632326015231091,False,0.3014511922399578,False,False,True,0.43258998,0.00926,271219146,3.671,-14.04762,809118208,1.4082608447380278
NVDA,🐂,227.2100067138672,-0.7209621131189249,0.7538522675010385,3.027558686284091,15.125137910319442,30.578768880752534,22.113502373722007,21.637652427580537,0.8947887178664344,54.6686520527017,2.29,235.202392578125,164.79331970214844,216.80344299316405,199.56812355041504,234.14177417878258,210.990328787526,False,0.10402056035490602,False,False,True,0.71419,0.04007,23132626000,2.217,14.562609,5514691870720,4.799999288309853
MELI,🐻🧊,1724.9000244140625,0.7293808133025921,-4.131742637102499,-10.913125301440294,-0.9924243379703783,-0.2382849863302601,-14.365572664337003,-20.763830656516486,0.7664045431112784,27.85399116383327,1.97,2360.760009765625,1546.81005859375,1866.4671875,1842.075199584961,2033.4955667702159,1678.2554097922841,False,0.19141378784356067,False,False,False,0.80254996,0.06962,50585269,1.312,30.921593,87630938112,-7.584765702501128
NSC,🐻🤐,313.0,-0.015967990710099862,-0.6380780620655501,-8.690454156285002,-1.4894646369927595,9.964553412778034,9.792395662591998,6.64153503161799,0.43515157439208074,30.609960956799696,6.36,352.9800109863281,274.6883544921875,332.38563537597656,309.31414352416994,333.71608748643484,305.86390824110424,True,0.08709521695921092,False,False,False,0.77629995,0.00045000002,224246754,1.268,21.586231,69403983872,-5.83227231045908
AZN,,164.2100067138672,-1.1676119493725943,0.5387894893448661,1.2829222034244137,-10.687476248913955,-16.737650493113737,-9.75636651554038,-1.6583984791213642,1.124175728925664,63.943258525941445,0.65,208.6199951171875,155.6199951171875,163.96460052490235,182.00348373413087,169.4607217205982,157.57927919492914,False,0.07266048490953846,False,False,True,0.6493,0.00051,1542888270,0.205,13.943869,250423164928,0.1496702264874328
PM,🐂,193.89999389648438,0.0722540223046395,1.603436185974291,3.5237537304805833,9.12262436398098,18.24576383322542,22.97558523200973,24.905098141594557,0.813221394242165,66.3865253748294,3.23,200.1699981689453,140.5944061279297,190.12259979248046,175.87812118530275,196.3364041730512,182.96659265312067,False,0.07049673549538381,False,False,True,0.84422,0.00164,1554701319,0.395,20.762114,297414623232,1.9868201403341623
DLO,🐻🧊,13.6899995803833,-0.9406665507351987,-2.6315848377726105,-7.687123055883773,-6.680303277532226,7.3263136739956325,-1.5542895500274798,-0.9941480699417647,1.0587562167158135,27.89114704750206,7.14,15.779999732971191,10.827908515930176,14.649600009918213,13.398837666511536,15.746948946122371,13.388551008101262,False,0.16189170885871304,False,False,False,0.7154,0.21559,92152062,0.871,12.030811,4049143040,-6.550352425221402
TEM,🐂🔥,82.58000183105469,-2.93841084414209,7.8208718887229995,30.975420825246385,34.05844785166277,82.61830960156408,39.84759169857263,-6.148421597976247,0.9048786664824792,77.09923315869855,3.48,103.25,41.54999923706055,60.70780014038086,56.33809986114502,89.85289214919655,52.42310806442648,False,0.526157384640704,False,False,True,0.59276,0.36773,116299222,3.724,-10086.207,14777606144,36.028651409038865
SWKS,🐂,88.04000091552734,0.5137625259176439,-3.7288093455539357,31.383372793427405,33.53556879722301,65.83568317704474,41.73223249797926,19.06495519166391,0.4052107268433739,60.5620862272898,4.7,91.44999694824219,52.04774475097656,72.88779991149903,65.05562284469605,98.87193826853905,67.80405965626562,False,0.3727936715433929,False,False,True,1.23622,0.00403,149742989,1.518,17.22467,12862413824,20.788391229295218
NNE,🐻,15.789999961853027,-2.289603273841209,-7.1722530900224815,-13.668675935122202,-23.903614641672156,-22.900389087953922,-34.23573589616588,-59.62669466777314,0.9256970489702762,35.55824966016668,9.76,56.630001068115234,14.880000114440918,17.5867999458313,23.702249989509582,18.86480949367827,15.04719039951021,False,0.22514856724417842,False,False,False,0.44727,0.17417999,44819158,5.399,-15.73201,851115584,-10.21675341456407
SE,🐻🧊,98.62000274658203,-0.2931967493581621,-4.52124903432282,-13.094818620697213,-3.6255243018541226,19.091903941672765,-22.69342088069061,-45.81616080270907,1.5066060592752,26.502105812269292,3.02,192.69000244140625,78.16000366210938,110.72100036621094,103.3129500579834,115.87352897476681,95.31947181869022,False,0.19464714340773154,False,False,False,0.69631,0.26045,418431701,1.516,18.788294,59631497216,-10.929270490335824
MSTR,🐂,154.6699981689453,-1.5718475437806547,-4.642416104175198,16.34571635961616,65.61730290158808,23.934290374015163,1.7900633598759614,-54.29508687828923,0.6806257481048011,63.82978662094602,1.09,359.69000244140625,82.30999755859375,120.04660018920899,136.2325001144409,174.40589939326367,112.9331020715801,False,0.42787645957073345,False,False,True,0.60478,0.00224,363658147,3.597,3.093352,61044760576,28.841631437429605
NCLH,🐻🤐,14.800000190734863,3.424177196014987,4.372354529024788,-8.302349749610258,-28.398644721299636,-20.855617182293358,-33.691754511238486,-38.81769382395165,1.5227202233463657,49.201274450867615,6.17,25.020000457763672,14.119999885559082,17.041999988555908,19.53355004310608,15.75948373212303,13.678516279321062,True,0.14137967606447358,False,False,False,1.04472,0.008669999,455349036,1.881,8.778496,6731693568,-13.155731717677495
DRI,🐻,195.11000061035156,-0.9694465641509233,-8.694839074724294,-8.93773657586526,-2.605582485725478,1.1029684435347682,8.510687048359351,4.625139580192856,0.960654960746692,35.77252423231222,6.08,227.67999267578125,165.3362274169922,211.61220001220704,201.9487940979004,223.5836026588605,196.3883974632098,False,0.1295096110585757,False,False,False,1.01306,0.00302,113075168,0.59,15.588134,21941944320,-7.798321363751019
PRIM,🐻🤐,74.27999877929688,4.4431888507860196,0.2158608024636397,3.0092887956983376,-20.07747274794136,-48.027711783529426,-40.07939580313258,-46.70008449348091,1.296538300034927,51.19910847143615,4.89,202.7530517578125,71.12000274658203,78.76000030517578,119.66106086730957,78.16582313678794,70.96017631389566,True,0.09663837090024271,False,False,False,1.04328,0.011619999,53204104,1.441,14.28188,4043077632,-5.688168497359055
MU,🐂,1065.0799560546875,1.053148616826751,-0.6344039255465393,11.09279752928348,3.1932890982973903,215.3101298181285,273.3896083749245,485.6654146933628,0.7897899256745096,55.298953465229125,1.07,1213.3734130859375,181.4225311279297,949.7082006835938,668.9920611572265,1121.2146970560798,889.8173036763421,False,0.23012800720770454,False,False,True,0.79902,0.00238,1125541920,2.222,6.59541,1202927960064,12.148126686496958
DOCS,🐂,26.520000457763672,1.2213728454423032,-0.18817929106068684,-0.7113389487887943,22.834646921412112,13.819748180855948,-40.108398399136576,-62.45753017142594,1.2098593191141342,68.1182106266402,4.63,73.52999877929688,18.010000228881836,24.623999977111815,27.02824999809265,27.59177298853301,24.495227286125193,False,0.11889898385699026,False,False,True,1.0240799,0.02859,123638542,1.248,18.201202,5051491328,7.699807027348128
CDE,,17.84000015258789,-0.1678829615924898,-7.660453238168613,-14.148221544319007,7.8597289304871785,-4.847979831222195,0.16844855443638487,-5.402361416801535,1.21651055350986,30.731701076489358,1.42,27.119544982910156,13.804497718811035,18.78819990158081,19.253539233207704,22.048648565992718,17.831351357713334,False,0.21149935889405436,False,False,False,0.82453,0.00556,1017254753,1.389,8.859536,18091655168,-5.046783374458029
H,🐻🤐,162.00999450683594,0.508711491413843,3.00737268835844,-2.970597519078284,-15.044030330538538,12.857789126225066,1.3155338397637166,12.849968188333568,1.0747217806041336,57.95020143384861,6.72,201.91928100585938,134.9427490234375,171.62720550537108,169.2141897583008,166.95846760436362,153.81753337219888,True,0.0819321532294112,False,False,False,1.21867,0.0336,40151446,1.34,32.542747,14942176256,-5.603546926151036
SRE,🐻🧊,78.18000030517578,1.6777226242259722,-0.2067888968171708,-3.504721410996433,-13.717152119528144,-18.287481852886657,-9.442065092391159,-9.772797092783318,0.8040827857454717,22.237660813533807,2.8,98.21725463867188,76.88999938964844,84.22657501220704,88.83073608398438,86.08162238387894,76.39273827285933,False,0.11926662239944968,False,False,False,0.93818,0.00099,652553313,0.564,14.072863,50978070528,-7.178939314764869
PONY,🐻🤐,6.539999961853027,-5.763690087455645,-9.917358737324736,-7.7574073187305945,-10.288065897456594,-30.72033630760524,-54.8965519872205,-71.58992253778447,1.3803820006474588,44.78672503814696,5.97,24.059999465942383,6.539999961853027,7.409100008010864,10.418175001144409,7.426176429598912,6.405823682934657,True,0.14753509808602217,False,False,False,0.38826,0.00031,277637476,1.0,-9.884231,2841064960,-11.730170266539108
RDW,🐻✨🤐,10.729999542236328,-4.196431027079157,-4.7914897390740405,0.28037134117717105,-10.359237235842379,26.235288732192096,41.18420627473789,17.139734945167888,1.0736041853619736,50.290132756234435,3.68,25.899999618530273,5.059999942779541,11.009599981307984,11.003300015926362,11.921023124411036,9.979976803109714,True,0.17725641091502922,True,False,False,0.69431,0.013250001,246182942,3.094,-30.705881,2609922816,-2.539605794455378
TEAM,🐂🤐,175.9600067138672,-1.4450468630470215,-9.80110464308177,-9.378375458001395,111.56668340479602,157.81685965401786,8.523502760726585,17.64391127724128,1.3825596476940247,48.450558231510676,2.53,195.6699981689453,57.150001525878906,157.59740005493165,111.99409996032715,200.50327057836495,173.77873015405692,True,0.1428043046259854,False,False,True,1.0467299,0.009430001,156867592,1.159,26.648018,45385256960,11.651592381939754
GOOGL,🐻,340.9200134277344,-0.5339129313685266,0.9146692058988548,0.5272266504977469,-5.556558780020436,18.70319618594739,9.132014343615099,39.56988366039415,0.7918433024611834,58.0751732478452,3.68,402.1211853027344,235.95635986328125,343.8424896240234,338.05563888549807,354.65688975882733,329.3989329950789,False,0.07384764787781117,False,False,False,0.80991,0.01596,10879441100,1.225,22.829782,4208075997184,-0.8499462063239008
ZTS,🐻,70.30000305175781,-1.5819645087361,-1.829350017355514,-8.81970889356856,-2.2911475800618573,-39.85452468566673,-43.25102324596568,-51.24180353155489,0.7593727286648162,35.024884761841136,3.76,144.7499542236328,70.2699966430664,74.70679962158204,98.24352935791016,77.08161624599533,69.07738338779372,False,0.10952774551354003,False,False,False,1.00031,0.00164,412372361,0.729,10.679085,28855406592,-5.898789122471182
MGM,🐻🧊,31.520000457763672,-1.0671693222674388,-16.723905605135982,-23.79110253234653,-33.67003334568775,-14.833823595650731,-13.620172628372293,-9.138075221786332,1.2598550927127203,10.122163526032153,9.75,50.689998626708984,30.719999313354492,41.8678002166748,39.85010005950928,44.720171415342435,31.806829393373395,False,0.33748459721417207,False,False,False,0.68057,0.27876,181282644,1.282,15.028677,7944180736,-24.715413050982036
ORCL,🐻🧊,137.7899932861328,3.9140173029596754,-4.683179570279729,-7.5979092020160595,-2.968870262009264,-5.681273865072762,-28.623951613986858,-51.78005003867654,1.3339280748031852,29.405642328775457,1.82,310.009765625,114.98999786376953,142.69719985961913,162.96180027008057,163.43468142532726,130.8763186357079,False,0.22125141624245992,False,False,False,0.4348,0.38395,1859295266,1.732,12.485007,416225099776,-3.438894791428192
UNP,🐻🤐,274.1499938964844,0.018237063792647924,-0.5008546760521354,-8.820307429036003,-0.8309434363008313,14.109791913595435,20.309511483637007,19.250206287056002,0.7344601178970238,32.153668132376765,12.14,309.1851806640625,211.9039306640625,291.10153930664063,262.09197944641113,294.7668390711697,268.2341619053928,True,0.09425445823277133,False,False,False,0.91346,0.00071000005,592726947,0.966,19.178617,161665777664,-5.823241419654546
GE,🐻🤐,317.8900146484375,-0.10997222117803379,-0.5972399053897787,-5.308146096397951,-15.110077323792586,12.163466368414598,3.4801575991648166,6.060374655115571,0.8689860432187463,42.09863615548917,3.97,381.2200012207031,272.9098205566406,343.6578002929688,323.196102142334,338.3420078158274,306.2189907193289,True,0.09967409498713703,False,False,False,0.80957,0.003,1033619775,1.35,34.414356,324020404224,-7.498094215398049
AA,🐻🧊,41.970001220703125,-0.6627190042529586,-4.656972321087277,-15.97597481551414,-11.433343878723187,-36.50122401337873,-20.61022741376374,24.967319014239926,0.8969470919581197,10.469314576587465,3.12,83.6277084350586,33.5252571105957,47.750462951660154,57.88809555053711,53.40786664312331,40.21713335687669,False,0.2817780141254286,False,False,False,0.85885,0.0051599997,262808943,1.631,7.406624,11084196864,-12.105561650384079
ROK,🐻,431.5299987792969,0.07188849258295185,-0.31417122666715547,1.6728332648581847,-10.347688312412902,20.986006380088593,11.985584812179653,25.186779210196843,0.494199937670972,54.74656763830977,5.54,493.55963134765625,329.34442138671875,438.2960186767578,421.15543350219724,439.5475316130353,410.5714686311053,False,0.06816942798269075,False,False,False,0.92914003,0.00169,110697762,1.515,29.192913,48440889344,-1.5437100975473026
MP,🐻🧊,45.43000030517578,-2.1959105296236903,-7.077110099545732,-17.022830492829623,-16.30434538162997,-5.8640657165019014,-10.075217946292959,-32.825665902448655,1.4051534182520125,25.857387687108556,6.43,98.6500015258789,38.099998474121094,50.94259994506836,56.86509996414185,56.46179388659843,44.905205930296106,False,0.22801479726494225,False,False,False,0.77572995,0.19617,144321060,1.951,54.113125,8422424064,-10.821198065738379
ADI,🐂,398.2200012207031,0.7055632088103755,3.372008894404652,10.298025646970697,2.687351547891733,25.89656467585299,48.14949836561663,68.50575048096083,0.7348674730620319,68.04964429409983,2.33,444.1268615722656,222.41819763183594,373.41975646972656,355.88725051879885,401.70906108283157,343.14293781853564,False,0.1572557322815246,False,False,True,0.93857,0.00241,482782264,1.205,24.2664,192231964672,6.641385283262895
VFC,🔥,14.5,0.5547844887849356,7.248517078811021,8.644303541040607,-13.239483041633243,-13.599393004895125,-18.382950526526216,-3.325822458587926,1.4778937191248178,75.14970401833796,6.4,21.286540985107422,12.619999885559082,14.256755199432373,17.06738395690918,14.370893726483331,12.165025653704657,False,0.1662552588568384,False,False,True,0.93112,0.01,387937331,1.598,10.469099,5527472128,1.7061722472257346
BOTZ,🐻🤐,35.2400016784668,0.3131244150499087,-0.14168103078327654,-1.8110830934399962,-7.409352582953876,6.133727539676549,-2.6838959919854455,-0.8404771187051966,1.0413315282312654,50.69285682192404,0.0,41.60919189453125,31.974010467529297,35.713300247192386,36.8680220413208,36.072805049577845,34.464695713361614,True,0.045595869397775275,False,False,False,0.0,0.0,0,1.0,0,0,-1.325272560781603
HII,🐻🧊,259.6400146484375,1.0075965681643173,-3.765742625728921,-10.837910795194572,-6.495014318283529,-31.040409185270395,-22.72293642312585,-7.711259000254589,1.1355743398204574,19.82941468086011,3.01,449.681640625,257.04998779296875,293.9700604248047,342.23129837036134,297.0062217977687,256.8737830850438,False,0.14491383822824938,False,False,False,0.92595,0.00477,39115762,0.225,12.818482,10523787264,-11.67807555870083
SO,🐻🧊,83.44999694824219,1.335760163331119,-0.023965822652912368,-5.17045801336115,-11.544297892905595,-12.105550244832546,-1.947142870589543,-9.065931941848863,1.630916269539603,21.92884259283592,5.11,97.4911117553711,82.06204223632812,89.75974700927735,90.9961226272583,90.45665755994202,81.80734009020446,False,0.10041932833003889,False,False,False,0.74214995,0.00096000003,1147648109,0.316,16.836576,95353585664,-7.0295987580969905
TKO,🐻🧊,177.5800018310547,-2.202885758158364,-6.082081599658219,-2.3563090850741166,-11.916637697560411,-11.231081973405212,-14.008133177455806,-9.23820546889373,0.6624952113395479,28.50314020399722,8.04,222.27760314941406,173.73292541503906,187.78692504882812,195.53522094726563,196.4903138383879,179.27733447704182,False,0.09161501496210245,False,False,False,1.16425,0.18211001,59720069,0.643,38.391373,34015553536,-5.43537480850674
UPS,🐻,93.93000030517578,-0.3395222226251658,-1.972447709943509,-9.88199435865473,-12.883315117381445,-1.3659015007587674,-0.8070889503484878,18.62983598536118,0.8996983313823471,37.52946453590366,6.53,115.87252807617188,77.76214599609375,102.61875747680664,102.46750919342041,105.97698739925202,91.50801321109954,False,0.14653238619069145,False,False,False,0.73377997,0.00017000001,748466589,1.038,11.644993,79497035776,-8.467026287659586
TMQ,🐻🤐,3.0999999046325684,-1.8987398597600829,-6.344412138286236,-14.127423969072419,-9.090914175816009,-13.649025661609912,-28.074247197475305,35.964909804054436,0.7746183160746968,30.09709187328636,6.06,10.600000381469727,2.0799999237060547,3.424800000190735,4.050700016021729,3.524767521308362,3.0552324500814083,True,0.1427158277411915,False,False,False,0.40782002,0.13793,114716924,1.674,-51.709324,554612672,-9.483768265010442
ASAN,,8.229999542236328,-4.745379453639565,-13.093988276956278,-19.785581299804154,12.585493935133577,28.593740931246565,-39.970827721830666,-37.980412521980504,1.0308312289620494,49.79423399946626,4.0,15.1899995803833,5.460000038146973,8.987200002670289,8.48610000371933,10.368640016447563,8.076360155213814,False,0.24855297803201679,False,False,False,0.68279,0.44794998,90958379,0.951,18.538473,1930218112,-8.425321125700775
WMT,🐻🤐,106.80000305175781,-1.775039313518707,-3.37464558828686,1.8403740389323913,-1.621315057287168,-13.694892097730115,-3.5274047561157817,5.628891712670496,1.2070534665795432,53.106986491915585,2.9,133.87948608398438,99.76997375488281,109.04225631713867,118.05363121032715,110.23216908861873,104.73883234570745,True,0.05110770016661527,False,False,False,0.38224998,0.44988,4850137090,0.595,32.218758,827003568128,-2.056315910099549
UEC,🐻🧊,9.289999961853027,0.8686202320814589,-6.633164422752428,-24.101306081933405,-11.943129915659938,-31.185185467755357,-20.46233117188934,-28.483447840327752,1.9305647304735902,17.827285026752037,6.99,20.139999389648438,9.039999961853027,10.808200035095215,13.085800018310547,12.234687522269503,8.70631265320657,False,0.336982459242324,False,False,False,0.89443,0.01856,486441128,1.0,-315.0,4683275264,-14.046742920305444
HUT,🐻,92.86000061035156,0.16179649159766732,-9.36950864718086,18.082402506446275,-12.222327434801995,97.95352997741351,102.13322461085977,154.2020358976287,0.5580899422339793,47.380139487257736,3.43,133.02000427246094,33.7599983215332,93.3900993347168,79.5586748123169,108.73848292951544,79.13001453752557,False,0.3152041858128373,False,False,False,0.81499,0.085489996,103016566,5.976,-16.188896,10612640768,-0.5676176898209732
ES,🐻🧊,63.900001525878906,0.9797767992133333,-1.55600381951611,-7.82391161133534,-10.45387174832019,-5.5719264936923,-1.809849823192099,-6.6299682148405665,1.211645756849574,22.705450478851745,4.8,74.51274871826172,60.74296569824219,69.83287284851075,68.75934005737305,72.07902694807112,62.454216994189636,False,0.14308448487293263,False,False,False,0.88225,0.0016699999,376083375,0.698,13.0500145,24167452672,-8.49581447909509
CLOU,🐂,28.100000381469727,0.0,-3.568974021832531,-2.498262737607859,20.445779997267742,44.10256605881911,24.226345441736278,21.96180236491353,0.6068703632080448,57.42971441484055,0.0,29.139999389648438,17.600000381469727,27.20060005187988,22.81292999267578,29.326821564390336,26.84917883996757,False,0.08821000806709477,False,False,True,0.0,0.0,0,1.0,0,0,3.306545913966652
AXSM,⚡🐻,186.13999938964844,-3.997111776985112,-3.7787529976284,-6.236149816832277,-22.65436858756469,10.12897567413973,1.9163381579590453,56.98743347283129,2.518538621796151,32.58426137220624,5.48,255.1699981689453,118.56999969482422,212.86170043945313,199.27487556457518,222.70199444670365,187.8945082388432,False,0.16954594586265911,False,False,False,0.74598,0.15082,44462410,0.706,39.40395,9658499072,-12.553550495292354
ALAB,,357.8399963378906,1.8587568884109993,-0.7268476888686864,20.492956798484418,-16.947498374463997,226.49635156918757,115.09978061134032,83.9794325644682,0.6553945171200031,64.3753092143937,2.42,483.0199890136719,100.2699966430664,306.9584991455078,238.09997463226318,386.7073542555458,231.9836445847862,False,0.500164734773165,False,False,True,0.76007,0.10321999,155983927,3.778,55.677036,61755494400,16.576018365356752
POWW,,2.2899999618530273,0.881056435883782,-0.43478220306857157,6.018512539657783,-0.8658000615553437,13.930346901406562,33.91812343668523,57.93102665832037,0.6803686653157653,60.71426746797955,6.31,2.559999942779541,1.4500000476837158,2.2046000242233275,2.055499994754791,2.3606564876282903,2.0393435362135675,False,0.14605134076075235,False,False,True,0.56493,0.30382,96677917,1.019,0,261137088,3.8737157167448535
CRML,,7.380000114440918,-3.5294114713804525,-4.404140997292591,2.357837384112368,-25.0761438717859,-7.052895953952665,6.340058409115971,4.090267357006694,0.44097639688666707,52.24963647226639,3.42,29.969999313354492,5.130000114440918,6.8542000198364255,9.614775011539459,8.823243115406509,5.767756917018417,False,0.41881792770859044,False,False,True,0.21033001,0.47667,82616369,1.946,-38.21053,1066412352,7.671210251857236
UAL,🐻🤐,112.6500015258789,1.0223292689526753,1.7431360945603909,4.315217848219626,-16.635834044725087,22.35255989928238,0.7422659929528739,20.933977112799635,0.7856445244285154,59.956789641822176,5.38,136.11000061035156,85.20999908447266,116.15739929199219,109.06119983673096,115.47557070806842,103.81242901727337,True,0.10637282209152464,False,False,False,0.90709,0.0058600004,322178606,1.272,7.666311,36011012096,-3.0195216038683155
FRO,🐂,48.93000030517578,1.7255755870787555,2.880569580164345,19.29227286052073,50.50765081471599,56.34344201505439,157.7002393530967,145.86875153527728,0.6688022724504262,68.21599837234116,3.85,51.41999816894531,17.90816307067871,41.58943092346191,32.49627370834351,52.66802267423802,40.85244966157741,False,0.25268420309583084,False,False,True,0.39352,0.35786998,142919442,0.063,10.771423,10968630272,17.650083732145568
COHR,🐻,292.2099914550781,3.4554713493490556,-2.791089314066177,5.1758289521682554,-20.735115612905812,22.66906646204606,58.31932592481138,154.87133673445283,0.8947232426546643,46.792273995752865,1.66,426.8900146484375,109.37000274658203,297.0000018310547,287.0793505859375,324.81820323148384,257.7207982333599,False,0.23036193226342547,False,False,False,0.8752,0.04449,195078292,2.104,20.491186,56362475520,-1.6127980964462503
CSGP,🐻,26.950000762939453,-0.25906622367989524,-4.635525319647938,-15.965073216733092,-8.20844617612987,-33.19285904561268,-59.919688252309214,-67.71681878388297,0.6799897612016317,31.811894736481094,2.22,84.80000305175781,26.950000762939453,30.297399978637696,40.652399978637696,32.78412418611438,26.567876050396844,False,0.20947055233004683,False,False,False,1.0477201,0.012619999,401753409,0.747,15.447672,11102413824,-11.048470225360758
EXP,🐻🧊,173.5800018310547,-1.3020943593061003,-2.669056075238135,-10.524688469170973,-20.68686223307024,-8.146292980805962,-15.690695147501312,-24.480372412716267,1.4123484634902734,28.603829576415663,4.94,240.64385986328125,172.63552856445312,197.73082427978517,207.55543815612793,196.2173167939057,170.14032785941464,False,0.1423580990600995,False,False,False,1.09743,0.01243,30256607,1.366,12.110947,5246093824,-12.213989668377424
FANG,,183.9499969482422,-0.6910321269885832,-0.9156999752933362,-8.245211059242965,7.561666393197551,-5.970803039266881,24.45422637174703,31.239230636919242,0.5853616564230602,31.73640187962981,3.98,211.52999877929688,134.06085205078125,198.35868103027343,182.61045677185058,213.64099362080282,179.04000460917763,False,0.17622950520952133,False,False,False,0.73379,0.23877001,213336553,0.414,9.796705,51470434304,-7.263954371541821
FNV,🐂🛒🤐,247.94000244140625,0.8665249192335112,-4.971063216686733,-5.6235243689308545,19.119231496396402,0.7395233876758998,20.267173936840955,12.156291338618004,0.8131674205001007,35.85063253695539,4.97,279.29949951171875,182.97389221191406,246.1041973876953,236.69829948425294,273.3349840945246,249.00487949190114,True,0.09315813821128295,False,False,True,0.84629995,0.00616,192345336,0.958,25.480972,45925183488,0.7459462590225324
XHB,🐻🤐,96.97000122070312,-0.33915911685958133,-0.12359163839073126,-5.152956835145469,-13.422496217443655,-1.0808834413812072,-4.867315522312228,-12.050280185486653,0.7911488251328634,44.48253122732864,0.0,120.1474838256836,94.19657897949219,103.26870483398437,105.53885356903076,102.08676158837487,94.37051837988686,True,0.07855390454082019,False,False,False,0.0,0.0,0,1.0,0,0,-6.099334375701812
SOUN,🐻,5.840000152587891,0.17153051479765583,-2.8286201301122733,-18.435750320599738,-12.574845768516255,-14.992718342489022,-41.42427285683225,-63.83900748897133,0.724607932184335,32.978723674081735,6.72,21.399999618530273,5.699999809265137,6.613299980163574,7.877149999141693,6.9277692710818215,5.6022307479916655,False,0.21157837527093173,False,False,False,0.38619,0.01915,401066718,2.831,-38.22222,2673555200,-11.693100719688756
BTCS,🐂,1.5299999713897705,-1.2903213897927004,-2.2364271278590806,12.499996712979183,36.60713972105665,10.071941520553098,-42.04545793208195,-69.9410623669259,0.5525577806683911,61.046510902593376,0.94,5.960000038146973,0.9810000061988831,1.2769000053405761,1.7204750034213065,1.7196509592118725,1.1613490469870105,False,0.3875750857505003,False,False,True,0.16126,0.13694,42344856,3.393,-4.9,77133752,19.821439814442424
RUN,🐻,7.71999979019165,0.6518867457673397,-7.544916916125775,-9.91831896033694,-41.11365375772787,-43.06784991670471,-58.04347853128762,-57.92915733131269,1.1273657342689454,34.1642096490351,10.01,21.40999984741211,7.670000076293945,9.266499996185303,13.695824995040894,9.34899437469709,7.633505796964287,False,0.20203015579477887,False,False,False,1.16697,0.02823,221001191,2.364,7.6566057,1853527936,-16.689151315278615
KO,🤐,86.83999633789062,-0.39000225521331017,-1.4190033510789588,-1.4794324765385634,7.46485837274885,15.611029549632343,26.62957693767653,33.495857418541114,0.8565080392060979,48.73374047379476,2.77,91.4443359375,64.3883056640625,87.28293212890625,78.86952415466308,88.94303752962769,86.6996855538684,True,0.025544490957280928,False,False,False,0.6822,0.098950006,3874015338,0.342,24.410301,370363432960,-0.507471254931567
COP,,125.44000244140625,-0.47603813849796445,-2.0688531284628304,-5.321158396450941,22.337400811868676,-3.6249172483655707,36.95663980568129,35.548585351392106,1.0835333701891918,32.2673744811066,2.51,141.22000122070312,83.04197692871094,127.25072708129883,114.85077774047852,142.25541514996908,123.1235826527653,False,0.14418497813022232,False,False,False,0.86932,0.00096000003,1198754603,0.134,12.95424,150347382784,-1.422958187685431
PH,🤐,970.3699951171875,0.0845760749361021,-0.08649281169510012,-0.9260401149238696,0.8834072377347681,8.855956599874332,11.07881534129336,29.558235981898644,0.6371516724619227,57.9359186148053,2.35,1071.7115478515625,710.7420654296875,987.4704931640625,940.6908450317383,988.5106422631787,916.2253562719776,True,0.07590058259705532,False,False,False,0.90438,0.00182,125676889,1.123,24.238749,120490319872,-1.7317477499587304
AI,🐂🤐,10.34000015258789,-0.6724274337200921,-4.788209212968391,-4.436225099580525,9.65005109186098,22.802851055780888,-23.293764809190137,-40.91428484235491,0.6723420785218532,49.29078050161262,7.92,19.65999984741211,7.760000228881836,10.066799964904785,10.32144998550415,11.082604947554511,10.178395113480644,True,0.08505807172551633,False,False,True,0.64072,0.08132,144209884,2.093,-23.104252,1766970624,2.713873213290671
FOUR,🐻,37.08000183105469,0.13503390063779513,-3.588136469756472,-12.29895245595053,-24.6341437884983,-15.206946674579278,-41.11481481301986,-51.775260599043904,0.7443106270430621,35.421172416312174,7.47,79.5,35.630001068115234,45.20059982299804,49.38385004043579,46.8622503732148,35.60274901643364,False,0.273073460016166,False,False,False,0.92043996,0.30511,44070801,1.377,5.8294044,2855987456,-17.965686348727612
TTE,🤐,87.70999908447266,-2.9112213416317005,-4.319842002368633,-0.6794230446252637,17.259352280750285,-3.594201090136287,35.51389090096391,48.87830953821186,0.846983288179187,36.71399573393584,3.0,93.5999984741211,55.922393798828125,88.55919967651367,82.21392971038819,93.14612777996021,88.17787048053785,True,0.05479977661075777,False,False,False,0.54187,0.08863,2046253575,0.06,8.095287,188807069696,-0.9589072565503629
AVY,✨🤐,170.77999877929688,-0.6457621817982326,-1.0888479340540356,-1.3425397567799777,5.304378882969354,0.1119616491323889,-4.481010158406069,7.504070218106058,0.4221963200399634,52.28217168785944,2.02,194.09727478027344,152.1259002685547,172.32913604736328,171.132119140625,174.89517569575975,167.3888239380293,True,0.04386037188861598,True,False,False,1.0040699,0.00641,75223520,0.814,15.257137,12934762496,-0.8989410053333261
XOP,🧊,178.6300048828125,-0.8382338802887259,-2.2009248004410975,-5.089836622508148,16.645368644109595,-0.8847453623447923,43.311879451833434,35.52425179571113,0.9299257989267476,28.255656867651865,0.0,198.90689086914062,120.83013916015625,182.04866119384766,161.55403625488282,200.67502277994402,177.3782822737669,False,0.12324579732409584,False,False,False,0.0,0.0,0,1.0,-17933.0,0,-1.8778805010792894
FIS,🐻🧊,33.349998474121094,-2.7980264084665594,-3.8073255394820635,-17.254486996866227,-17.315333285098653,-27.26371612147676,-48.21858345030176,-47.94143479744355,1.1632367441463414,18.74380203921953,3.28,66.04664611816406,33.349998474121094,40.03160972595215,46.28297733306885,42.3282508543524,32.18062556471498,False,0.2723870168854288,False,False,False,1.01467,0.00131,514524950,0.801,4.9109025,16966725632,-16.6908383089562
UUUU,🐻🧊,10.989999771118164,-0.36264698840797166,-5.258625778374975,-25.491526975470073,-22.714489699412187,-39.78082317195526,-24.41540715301652,-30.044559233403685,0.8182661776119814,16.541365513970163,8.53,27.719999313354492,10.739999771118164,13.210200004577636,17.18520003795624,15.312027945197475,10.02997206243192,False,0.4168618010555878,False,False,False,0.74792,0.0116,248195248,1.626,22.742268,2920452352,-16.806711727983846
PATH,,12.319999694824219,1.0664488836416373,-5.521474456557392,-34.011785514305274,6.666662262975813,10.990984427272197,-24.832213827870795,-5.157814381056547,0.6326776427148526,36.3834427184579,1.58,19.290000915527344,9.380000114440918,14.46499994277954,12.73989999294281,17.890538407899363,10.495461367033498,False,0.5210369266187564,False,False,False,0.90359,0.10781,388484877,1.023,13.942277,6691635712,-14.828899111237373
ACHR,🤐,5.059999942779541,-2.6923052234761613,-11.38353924737226,-12.456751572551967,2.8455256974518677,-2.1276621255537123,-32.71276654769199,-48.419982402230644,0.8054025519528728,38.77551169357674,3.81,13.640000343322754,4.440000057220459,5.606400003433228,6.252650010585785,5.931671872761207,5.099328121516747,True,0.15090993593984536,False,False,False,0.50069,0.14739001,653010983,3.234,-6.1560183,3827033088,-9.746005642106951
VNET,🐻,5.710000038146973,-4.515049833868499,-17.485549491424234,-5.775576038570619,-35.1872898276729,-31.942791364826107,-32.50591001891229,-46.933086276148266,1.537405156727435,37.98219458610032,7.91,14.029999732971191,5.710000038146973,6.812400007247925,8.873299989700318,7.24620603359249,5.566793977851603,False,0.2621418956124091,False,False,False,0.4564,0.00022,64057761,0.275,36.45497,1580038656,-16.182255415537472
PYPL,🤐,53.88999938964844,-0.7184955755695199,2.62807296177217,2.5787702214896138,22.584771673504004,19.83459752429,-6.8768449448387825,-18.255371143138134,0.6111605409541234,60.14151261683631,2.38,75.29036712646484,38.738338470458984,56.59172668457031,50.131376342773436,55.83744030976342,51.21817759489966,True,0.08629650279497499,False,False,False,0.78954005,0.0070599997,853510423,1.286,9.079878,44937359360,-4.774067612357368
WU,🐻🧊,5.96999979019165,-2.4509819962803587,-1.9704492510603169,-13.658015593145437,-21.247310802594512,-26.891945802860935,-29.705793973247317,-16.963895534984438,0.8452849564499557,23.52568622391604,6.74,9.377739906311035,5.96999979019165,6.913683128356934,7.920839228630066,7.199178162890067,5.808200462979685,False,0.21387517653156227,False,False,False,1.0059301,0.0086199995,309798748,0.537,3.9025037,1840086016,-13.649502307890032
M,🐂,23.270000457763672,1.12994448629117,4.631298099126385,6.87415711931139,0.168855898248352,30.727123416135942,8.462461746438283,34.17359208361221,0.9595389822239839,64.89560326432823,5.4,25.987133026123047,15.942999839782715,23.11078025817871,21.25777084350586,23.451083231000087,20.869713926287513,False,0.11648568935038314,False,False,True,0.9847,0.03182,252612664,1.431,9.522655,5946992128,0.6889434186395099
DOV,🐻🤐,189.6999969482422,-0.9296003859482392,0.3544401276368694,-2.33228588732064,-12.417642631366713,-8.530026139052223,-2.1170581875476926,15.169404139387435,0.8917319278708732,45.8851693504582,3.56,231.59268188476562,159.52699279785156,198.4815118408203,209.3040202331543,193.88849875215857,185.22249978299766,True,0.04571747589832735,False,False,False,0.93401,0.012560001,133707834,1.146,16.071203,25191936000,-4.424349054546089
RBLX,🐻,41.18000030517578,-1.6244631993809,-15.942031242517482,-0.2664098036146958,-28.93874070229267,-27.19236332157877,-49.179315160378295,-69.28470347167877,1.5969214258230116,43.18923309495624,2.36,138.55999755859375,35.540000915527344,42.84119987487793,56.11450004577637,53.02588794705523,38.886112327602966,False,0.3076807288971788,False,False,False,0.8635,0.05473,643145516,1.474,-34.01246,30268106752,-3.8775747984506745
VUZI,,2.7699999809265137,0.0,-2.807014960808167,6.130271734160899,0.0,19.91342205807464,-26.71957666951823,-20.40229983492939,1.0935896630437059,62.043793842047855,19.98,5.139999866485596,2.0299999713897705,2.62699999332428,2.8498500001430513,3.043609264067481,2.24939074260824,False,0.30010146248159614,False,False,True,0.39048,0.15633,65245447,1.816,-6.642857,235515712,5.443471182551381
FTNT,🐂🔥🚀,175.9600067138672,-0.20983106297588527,-1.5553310360635502,2.942733431005775,10.680595950844392,115.32061194987978,121.5841815882283,106.57432036094434,0.5657491485333167,71.18951994840582,3.24,178.74000549316406,75.2300033569336,162.17119995117187,117.11359985351562,185.07288495762117,149.73111589687102,False,0.21111915610655976,False,False,True,0.71468,0.17361,618909478,1.059,47.31892,131158646784,8.502623626665516
RXRX,🐂,4.03000020980835,8.918923185723237,8.918923185723237,18.52941461087915,9.809267739251414,31.2703679948135,-1.4669912112735959,-20.98038656534656,1.1067372191969944,66.66666991708983,11.32,6.789999961853027,2.8399999141693115,3.3533000135421753,3.5766750061511994,4.147486328637329,2.9610137705448003,False,0.3338179760956994,False,False,True,0.70629,0.0227,518468185,1.071,-4.5792727,2214799616,20.180126846191694
ENB,🐻🧊💀,46.650001525878906,-0.681285259756756,-2.50783069280804,-7.7516278279640165,-11.25587233230095,-11.536687010763298,1.4748222243225058,-2.126608237775728,0.5107097247495515,20.538732647630013,3.07,57.252403259277344,43.472991943359375,50.666491470336915,51.08971075057983,51.2552884105025,45.97171239821331,False,0.10868536452510932,False,True,False,0.52102,0.00124,2180175996,0.769,20.347332,103618936832,-7.927310196344449
NXE,🐻🧊,9.029999732971191,0.44493840791335415,-6.230533482237247,-13.753586411953956,-4.444445341492615,-22.155177275717595,-1.8478269545477777,-0.5506628981826622,0.732375146321574,23.778489081515247,8.89,13.920000076293945,7.559999942779541,9.981800041198731,10.890700001716613,10.936108014508523,8.656892111376486,False,0.23265614132476672,False,False,False,0.55253,0.06397,627070716,1.668,-59.37392,6115015680,-9.53535739344701
RRC,🐻🧊,36.880001068115234,-2.5884826371830005,-4.874901643881632,-10.531767476475409,-0.004675061021440843,-17.95968582926443,5.367159534634522,-6.255283998015317,1.0828791559760775,26.709941116637594,9.21,47.411128997802734,33.18484115600586,39.89820877075195,39.15900501251221,43.78660848515135,36.39100992305178,False,0.18448037517020852,False,False,False,1.06562,0.0123000005,230393833,0.432,9.410665,8655490048,-7.564769937364364
BYDDY,🐻,9.59000015258789,0.8412189461688467,-4.861108877250951,-13.134056288726281,-5.424064813735844,-27.654747212873165,-20.426191773953704,-31.898317789212815,0.3390304051703478,38.06818120243144,0.0,14.330680847167969,9.270000457763672,11.002399978637696,11.849151844978332,11.04401463032562,9.432985320083315,False,0.15735013079492946,False,False,False,0.0014399999,0.0,6076537428,0.327,11.669648,87433920512,-12.83719760045196
CHRW,🐻,149.7100067138672,0.9916359729026809,0.026731172186368266,0.46487838668768516,-21.390838215061393,-9.152370461921828,-5.830599033792314,14.573016951242627,0.7554803668417772,48.39412113762557,3.9,208.5205841064453,122.52195739746094,154.17546813964844,171.1691436767578,157.726582434354,143.25455007297023,False,0.09616571139077354,False,False,False,1.05177,0.00347,116407223,0.943,19.71922,17289312256,-2.8963501649539656
UBER,🐻,69.36000061035156,1.760558808345948,-0.08642690892577638,-8.314607784079971,-4.541705044640251,-3.5729176754073952,-15.114427380366918,-28.20618965722294,0.7848631784743941,41.793872012300234,2.64,100.0999984741211,65.94000244140625,73.15919998168945,74.97290004730225,76.6404981348083,66.83550131587529,False,0.13667786746874325,False,False,False,0.85363,0.00209,2035880949,1.159,15.485987,139935793152,-5.193057568000701
COMP,🐻🧊,9.010000228881836,-0.9890126243418337,-1.6375504479145975,-14.67803152597909,-28.207170582088597,23.255818049375936,-14.758746556125853,18.086501883912966,0.9334872099141799,26.478867109888014,4.07,13.579999923706055,6.679999828338623,11.198600044250488,10.115350015163422,11.450372982787613,8.830627059174056,False,0.25834484672287034,False,False,False,0.94144994,0.01513,735955540,2.326,10.509125,6816684032,-19.54351264194232
BTBT,,1.649999976158142,-1.7857126384770277,-6.779661359406179,15.384617949635157,-6.779661359406179,25.954202154940052,-12.698413299114591,-49.61832280578838,0.6582113995758048,49.484536715959486,1.64,4.21999979019165,1.2100000381469727,1.5173999953269959,1.7377999925613403,1.9188275518372269,1.3321724352881699,False,0.3609074862333604,False,False,True,0.51899,0.01879,352947363,3.974,0,587832640,8.738630633946407
JNJ,🐂🤐,267.57000732421875,-1.610591905205752,-0.5944221212238368,0.6469818247938643,5.870400820617099,10.634935466569488,31.371688347473675,47.057186233332395,0.8765315519388416,51.707388653420416,3.42,278.42999267578125,181.88116455078125,265.08018951416017,238.9569817352295,276.58947986558337,263.25552135511975,True,0.04939921081166902,False,False,True,0.76724,0.00053,2405994561,0.235,21.810843,637996498944,0.9392696657648874
FISV,🐻,45.36000061035156,-1.4341587154433981,-1.2840046633116702,-14.912775385750606,-10.585450385060343,-18.70967521407254,-32.469849863234266,-64.0256944025934,1.144414491030941,33.88833883182825,0.0,127.55999755859375,45.36000061035156,51.294600296020505,57.1068000793457,54.093339325224925,43.77766096469207,False,0.2108015311987286,False,False,False,0.0,0.0,0,1.0,5.6305733,24025221120,-11.569638229795029
LAD,🐻🧊,289.260009765625,-4.556702156218337,-5.784632885012581,-21.251224001444957,-0.17228323203259038,16.27759224136593,-12.446199538642714,-9.896884695904772,1.208558010088711,11.448525749046397,9.72,426.6837158203125,242.07241821289062,357.6814404296875,311.79129608154295,400.8137020355305,279.7272983306804,False,0.35585336853971006,False,False,False,1.16538,0.01203,19172355,1.23,6.846384,6415332352,-19.129153187782656
MTA,🐂🛒🤐,9.619999885559082,-0.3108780741668098,-4.183267708065093,-7.67754496043533,25.260417976339067,45.098034985031056,23.650380798589445,47.32005476982092,0.6887605508662816,38.977631012868805,4.38,11.350000381469727,6.059999942779541,9.496999998092651,8.009600007534027,10.652308285686008,9.510691630390653,True,0.11323877002896818,False,False,True,0.32369998,0.29117,66161420,2.252,60.774193,880731136,1.2951446508490472
VRTX,🐂,526.72998046875,-0.1781421100025505,2.012230908488052,-3.2671046838304596,5.766946474959666,17.95807103267904,16.18360629253418,30.31097489021078,0.6654622392688417,55.71164737596304,4.72,557.9600219726562,402.8999938964844,516.0716009521484,472.7151496887207,555.3961242318425,495.16388553378243,False,0.11466691695507725,False,False,True,0.97927004,0.00212,252685334,0.32,26.019768,132511907840,2.0652908427700662
MTH,🐻🤐,63.900001525878906,-1.6923053448016825,0.06263845152682271,-7.278886102440129,-21.05914291097427,4.7913297774809465,-0.7725770053521551,-10.641334920461675,0.7235294451089206,51.54023466006299,7.05,84.54981994628906,57.94124221801758,68.99706733703613,68.84733005523681,67.72000758060852,61.80027402034364,True,0.09141014035938233,False,False,False,1.05862,0.02595,63460014,1.357,10.709393,4096191488,-7.387365880725234
QUBT,,8.460000038146973,-1.28354329748319,-7.236840522960702,2.7946598870423114,-10.286322753313284,23.50365191137567,-17.543861116765612,-55.40326650306569,0.6494498232211855,58.203131257327186,9.71,24.6200008392334,6.309999942779541,8.404500007629395,9.237950003147125,9.325103391635308,7.3788965568662785,False,0.23302284970895387,False,False,True,0.47743,0.12157,200642911,3.772,-35.70372,1912630912,0.6603608836599034
EPD,🧊,36.02000045776367,-1.7189660078742008,-4.125630156111182,-7.212775010489926,0.10142205015233981,-2.000970397681424,17.562592682028423,23.121817087354056,1.6116450505990463,17.89886011870084,7.4,39.36000061035156,28.353961944580078,38.270353927612305,36.0266716003418,40.33126264616639,36.34973787263244,False,0.10384644818393711,False,False,False,0.25643,0.33044997,1445726775,0.48,11.192165,76898983936,-5.880148049075107
MILN,⚡🐻,42.45000076293945,0.4258346421255381,-0.2842272556366049,-7.881602169514873,-4.113300240052521,4.531944861154347,-9.455398617910854,-13.820481954209674,4.690157958687728,37.07434746139733,0.0,49.55176544189453,39.279788970947266,45.03778015136719,44.26666049957275,46.14278168250373,41.576318125235524,False,0.10411560463517933,False,False,False,0.0,0.0,0,1.0,0,0,-5.745796928113426
SNOW,🐂,330.30999755859375,0.6674394959149302,-1.344045886566596,-0.337928112101528,26.463491891384113,119.00940294249172,50.578955433776784,43.27043729617306,1.020040073002868,49.03924175803798,3.5,356.4700012207031,121.11000061035156,319.3369995117188,226.14164978027344,351.1495988169833,312.9814009388761,False,0.11494177471654894,False,False,True,0.81003,0.028800001,343125711,1.328,112.684845,119796768768,3.436181232883507
UPWK,🐻,8.100000381469727,0.37175573457269245,-0.9779941408490639,-10.298996445213204,-10.199556869224825,-26.094887287617123,-59.132187153438984,-54.26312365780161,0.5836510728346966,44.85296592579295,6.8,22.110000610351562,7.840000152587891,8.796599941253662,11.980050008296967,9.19896793914622,7.793031973115744,False,0.16548210608404118,False,False,False,1.04715,0.052699998,111119771,1.007,5.9799056,1019211456,-7.918963740945784
U,🤐,39.720001220703125,-0.3512277659425824,-9.93196690468879,-5.6532003317790025,31.566745670953622,81.03919896923196,-10.0747048510653,3.7075770546452906,1.2531205561700112,38.68378158608241,3.15,49.470001220703125,17.1299991607666,40.52440021514892,31.9821000289917,44.520302662851414,39.6336970472316,True,0.11613483928166327,False,False,False,0.86547995,0.03355,369591087,2.057,23.510153,18012839936,-1.9849744602638077
XYZ,🐻,74.05000305175781,1.0094196123422399,-0.8435956760089971,-9.717134744582241,-3.9932507601945595,23.047528541453232,13.765566474077872,0.8855606435508491,1.25885265842168,32.22593130508179,3.43,84.8499984741211,49.09000015258789,79.91179916381836,69.98754970550537,83.58248726424618,72.62451194229679,False,0.14030069558484162,False,False,False,0.84248,0.01192,536047323,2.522,14.147922,44176457728,-7.335332420740428
SMR,🐻🧊,7.760000228881836,-1.8963289686958509,-10.599078847328613,-16.289106303303395,-23.546792901205162,-28.413283029066655,-45.23641364078663,-78.80360530043893,0.805022459389405,23.5701867168858,2.08,53.43000030517578,7.590000152587891,9.065000133514404,12.113350024223328,10.867966911100549,7.1820333750017475,False,0.40841368173681497,False,False,False,0.59468,0.01698,403544225,2.309,-11.967884,3242077440,-14.39602741767014
UVV,🐻🧊,41.650001525878906,-0.525429690991292,-2.709646835320656,-8.461535107958449,-18.719973533718342,-18.40246277634358,-17.23429393410186,-20.513929884832795,1.0638721419633717,8.971550870702615,7.06,56.92238235473633,41.650001525878906,47.11480003356934,50.786859321594235,47.239663645320555,41.41033673614917,False,0.13151329687732013,False,False,False,0.84755,0.02264,24497881,0.564,10.579747,1040539904,-11.598899929102444
GFS,🐻,47.86000061035156,0.16743790937339326,3.1021165407317977,7.362002879368429,-37.873788371175905,8.024325640741067,37.59800237310319,39.23275459015868,0.558252069826905,55.99079464363101,2.07,89.60572814941406,32.113037109375,48.57807022094727,53.91173458099365,49.7323389678607,42.017210516392225,False,0.1681780127496458,False,False,False,1.00234,0.00057,148420705,1.774,18.261429,26711498752,-1.478176484429527
PHYS,,31.270000457763672,-0.5723379993932872,-2.8278428799944617,-4.57735727508856,0.6113273311583749,-13.379496455712841,-5.299818218471707,5.357143316169767,1.2373917586835153,35.41666501097919,0.0,40.93000030517578,29.6200008392334,32.67680000305176,34.349850006103516,34.04336675490246,31.14063326035633,False,0.08906276061201004,False,False,False,0.0,0.0,0,1.0,0,14830610432,-4.305193731199823
ARRY,🐻,3.990000009536743,4.177548016133281,3.3678787039886875,-9.728508129749763,-44.35146489427782,-44.81327802198186,-56.72451308049104,-56.20197409544092,1.2931608109770134,33.98693747468751,5.95,11.960000038146973,3.8299999237060547,4.794500041007995,7.564399989843369,4.838539026286854,3.6994609613153795,False,0.2668255016691251,False,False,False,1.47843,0.00786,140060755,1.766,4.4532356,619920384,-16.7796438542133
BZ,,14.170000076293945,-0.07052347437669515,2.022028947453889,-15.31466207817123,9.060645447693863,9.793682795500287,-27.863714020634472,-35.32200438066611,0.5877227297224241,33.19520030867932,2.47,23.498794555664062,12.192770957946777,15.39581953048706,15.210545616149902,17.117700295447822,12.829107375145439,False,0.28641402899940044,False,False,False,0.8059,0.0,380595417,0.474,9.964979,6479503360,-7.962027950286936
DIS,🐂✨🤐,105.41000366210938,-0.1704637579541806,1.884790832101773,-1.9897715750120206,10.134787034190227,10.207201951269628,-6.638212752540482,-5.324160063108547,0.8719444350185115,53.56936482092623,2.58,114.99882507324219,91.71721649169922,103.8254002380371,103.42983291625977,108.59847337087507,102.65352629343158,True,0.0562829898594134,True,False,True,0.78573996,0.00063,1723872402,1.409,14.013704,181129445376,1.5262194226454235
TSM,🐂,456.94000244140625,0.896484171263935,2.3221432131824016,10.31634311992063,3.137071783918852,35.88957057998661,51.54590791403518,60.07769851764921,1.0195883733525908,62.896644186601044,2.88,476.2922668457031,272.1793518066406,421.4676385498047,382.86059158325196,463.7227004213316,403.2171250181215,False,0.1395842563179969,False,False,True,0.1548,0.00013,37843003812,1.247,20.806746,2366017634304,8.416390879654644
EU,🐻,1.149999976158142,-4.166672461562456,-5.737709082829153,-8.000001907348633,-15.441179113095165,-36.11111074318119,-53.62903357606523,-63.83647949634002,0.2197656979363715,46.73912775877124,7.03,4.070000171661377,0.8799999952316284,1.171000006198883,1.850349999666214,1.3880763361230286,0.8629236867651551,False,0.46659497469401845,False,False,False,0.52658004,0.02007,190789742,1.282,-6.6933827,209823456,-1.793341582371799
FANUY,🐻🤐,18.90999984741211,-1.5616827244048894,-0.47368501362047694,3.7301169624295207,-14.97302139377959,5.28953681161809,-2.876217183830503,33.63957849616003,0.05497684347637311,52.92478442665193,0.0,26.610000610351562,14.100000381469727,19.411000022888185,20.695249977111818,19.378635596085722,18.237364388655486,True,0.06068009399687307,False,False,False,0.0023,0.0,1866035951,0.925,28.223879,35142373376,-2.5810116680507393
GILD,🐂🤐🚀,151.27999877929688,-0.6110031492992395,-0.059454542375423684,3.957942392561717,20.768471689478304,9.874341911685255,25.469711626045743,39.46799432690839,0.8936168783852304,66.3895932980939,3.45,153.04669189453125,107.89356231689453,141.58782287597657,134.79388965606688,154.5348749437572,142.9878026685475,True,0.07762145976822943,False,False,True,0.92226,0.00114,1237289251,0.35,15.072136,184815321088,6.845345670587885
IHF,🐻,55.369998931884766,-0.5567553369107995,0.7459968235842691,-2.138715073290215,-2.7900982867313484,32.73125805571088,16.237848006911367,13.456320774324684,0.383784198022837,37.63806513342937,0.0,57.97687911987305,40.84865951538086,56.57831474304199,50.36951284408569,58.15439542204528,54.70159594148011,False,0.06118947587715059,False,False,False,0.0,0.0,0,1.0,0,0,-2.1356518246345013
FDX,🐻,287.4700012207031,-0.7526299746998578,-1.382503869398585,-11.851398034042116,-8.0574384734193,0.9307885279965696,24.957685017076887,51.451843648497565,0.6857883253877641,32.477961331241445,3.43,338.02301025390625,177.9875030517578,314.1815521240234,296.0361980438232,329.92483662975724,278.4017502843053,False,0.16939284737436774,False,False,False,0.82758003,0.062459998,218577360,1.364,13.617352,67472371712,-8.501947591364592
PAAS,,46.13999938964844,0.8083874332188369,-4.094785274808853,-11.132509597725758,4.445133146923122,-14.96974037255824,-10.10604675415714,18.569402169384524,0.8063630202946107,30.817250049686322,1.41,68.05972290039062,32.89058303833008,48.75651557922363,52.55138374328613,53.45621350816287,45.520786537613496,False,0.16034890867331353,False,False,False,0.61478,0.00065,416698633,1.586,9.935314,18869264384,-5.366495448846546
WWR,,0.5199999809265137,0.0,-1.8867907552966041,-11.864406094746942,6.122443021609968,-20.0,-30.666669209798176,-49.01960875977925,0.6392762533113411,36.36363390063416,4.16,3.4800000190734863,0.38999998569488525,0.5327999955415725,0.68154999807477,0.5995062245371242,0.5044937597272495,False,0.17212403290600437,False,False,False,0.12209,0.053740002,122835984,1.661,-17.333334,66853712,-2.402405165572139
PSNY,🐻🧊,6.650000095367432,0.15060585968247672,-7.38161205630318,-47.18030170952369,-67.2897190343168,-63.897936656765786,-68.88161050907107,-76.11350553549018,0.6298333046915278,27.017551784918055,8.34,28.860000610351562,6.639999866485596,11.516199979782105,16.808300030231475,11.133757545924443,5.057242391133052,False,0.7506040613197259,False,False,False,0.17536,0.72722,65314494,1.73,-1.0699141,1074392064,-42.25525688124379
ARM,,293.6700134277344,3.6494643509367624,-11.694125696524083,21.396390799084685,-12.97892779640696,94.12349008289654,168.65796357768428,95.28527988583609,1.083384962058507,57.049804274007336,3.93,439.4599914550781,104.55000305175781,265.11999969482423,213.29857486724853,338.7637841605822,206.91021486285536,False,0.4832686532020871,False,False,True,0.96242994,0.00068999996,142599360,3.89,94.82251,309356462080,10.7687137016346
ARQQ,,24.1200008392334,-2.1103837796095757,7.009759802705355,21.32797715019268,-16.39514551020385,82.03774218289357,10.237668027352496,-41.45630972674639,0.5494903502871631,57.65432780480707,7.11,58.27000045776367,11.779999732971191,20.765400047302247,19.001875009536743,25.786432146893915,16.723568463457646,False,0.4263873701864583,False,False,True,0.82475,0.092480004,5025657,2.28,-22.698114,418702016,16.1547612099434
PRCT,🐻,18.219999313354492,5.623184425243433,0.7186244315647744,-14.056610105384607,-22.368982333172614,-27.14914375604912,-42.08518803693442,-47.53815273968969,1.65686077656588,31.470582790440147,6.79,36.95000076293945,16.690000534057617,19.863600006103514,24.993750038146974,22.916007542981532,16.411992334948152,False,0.33075748719595277,False,False,False,1.00404,0.03475,55809172,0.902,-15.802117,1037061312,-8.274435108661022
TSLA,🛒,352.8399963378906,-1.2896952613532302,-7.176680819141519,-4.106540390774279,-17.037383854887583,-5.086752834461163,-21.54229400957152,-23.205501480015556,0.8125645358408522,39.25650551107362,1.79,489.8800048828125,298.32000732421875,347.4461981201172,394.69039947509765,383.2357332841954,347.4922604902186,False,0.0978297618224582,False,False,True,0.43668,0.17819001,2819186930,1.845,164.03606,1401338986496,1.5524125021246418
ZIM,🐂🛒,28.75,1.2680543081759486,-4.453307230949428,4.9270087600904136,13.951646934717571,9.108157813227358,39.991009833459024,116.77673805751057,1.9742079596885735,43.58453222388613,1.73,30.510000228881836,12.03394603729248,27.584599876403807,25.236807174682617,31.203945859790593,27.351053873180597,False,0.13159907793289624,False,False,True,0.49229,0.0149300005,115096851,1.115,4.3761196,3533636608,4.2248215628209635
EQNR,🧊,41.34000015258789,-2.2001426427828896,-3.6363667081689117,-3.4112128749956665,33.74418272581342,-0.07438382310905385,80.83482123488598,76.52244032856824,1.2228083960040408,29.417986000662026,5.45,45.75,21.68036460876465,41.67075889587402,34.57413962364197,46.039547596934,40.97745298289999,False,0.11634725583053801,False,False,False,0.06933,0.0,1033029140,-0.727,9.3231735,98585559040,-0.7937430276051013
SRPT,🧊,18.639999389648438,-0.8510630526872615,-1.635891086069431,-11.364722867150315,2.417574770683256,-14.33823900007249,-13.382904306938476,-3.5196703722410088,0.4479737094488215,29.784674858534444,8.24,24.450000762939453,14.859999656677246,18.747999992370605,19.17319993019104,23.372406942138575,17.681592958679296,False,0.27723554329457223,False,False,False,1.04004,0.048850004,100544249,0.261,6.921887,1924524288,-0.5760646616498724
KLAR,🐻🧊🤐,12.359999656677246,-0.40290242828077033,-4.482225212629213,-15.861129954132094,-39.53033594063405,-5.576779888473291,-57.24662842644859,-66.80096747609359,0.6702695159622716,18.59503285447323,4.03,42.2599983215332,12.270000457763672,16.06180009841919,18.325450048446655,15.052571898744034,12.36842800970323,True,0.19577286736461655,False,False,False,0.5263,0.21849,196272208,1.0,15.519315,4697793536,-23.0472326828814
DVA,🐻,175.19000244140625,-1.6173441704692957,-4.340939704454069,-0.46587812682298585,-23.172388115930666,13.98919881480046,54.202976410726144,31.850687799674958,0.8797127468581688,41.26843500006645,7.15,240.9600067138672,103.87000274658203,192.93860076904298,169.2345000076294,192.03354101539537,172.34245996116715,False,0.10808110853324171,False,False,False,0.48345003,0.46909,33931392,0.83,10.203683,11159896064,-9.19909145028095
MDB,⚡🐻,337.19000244140625,0.7499730550241027,-21.283496598154812,-25.625867156416238,-6.1745233846947105,37.75789375975571,-19.65736603685669,4.870464255765647,3.2783257494059987,45.20826783140708,1.49,472.2900085449219,225.9499969482422,386.7431988525391,343.85374992370606,443.0223936448801,326.3376039137136,False,0.30332949490860384,False,False,False,0.96752,0.02637,78453820,1.585,44.735683,28039372800,-12.812945788873956
MDLZ,🐻🧊,59.31999969482422,-1.4290472017122908,-3.450519171989641,-4.4304817359767314,-0.050545543501497536,3.777293925713834,12.084575573529172,-3.6083558035022474,1.0585352641425052,25.23966742716742,3.87,64.98999786376953,50.643348693847656,62.063199844360355,58.998235893249515,63.30901697448901,59.569982735593996,False,0.06085717246586935,False,False,False,0.89424,0.0023700001,1272670579,0.402,17.194006,73796132864,-4.420010821896753
STUB,🐻🧊,5.309999942779541,0.18867456009074662,0.0,-16.771162264393492,-58.709175081334855,-14.903843949532286,-60.75387991442729,-68.96551868287493,1.253468013854823,25.694435476153345,4.32,20.1299991607666,5.300000190734863,7.11339997291565,9.387349982261657,6.6403609689209375,5.132639032986411,False,0.2561321558974365,False,False,False,0.80030996,0.03921,304170359,1.0,9.16196,2132061952,-25.352152796167438
NOV,🧊,18.979999542236328,-2.666669014172676,-6.410261836259393,-10.47224316244403,5.306409170210573,2.2261309712636406,23.618856107188172,43.35999949288724,1.2414157422081353,17.162041621316405,8.93,21.61835289001465,12.03670597076416,20.378873863220214,19.145028886795043,22.07455785798995,19.141045398235633,False,0.14234960684755785,False,False,False,1.08425,0.0073400005,354410552,0.944,14.633727,6676834816,-6.864335735001402
EW,🐻,88.08000183105469,1.4395945797998804,1.4512809728857716,-2.942146742639463,-4.250457792710532,9.990009761585238,3.3196502417063782,15.423934804117215,1.0068570204103497,56.39301606436631,3.2,95.18000030517578,72.6500015258789,88.40240005493165,85.09920001983643,91.33529914166834,83.98470055315588,False,0.08385350902700775,False,False,False,0.95707,0.00195,574492116,0.852,25.56009,49754849280,-0.36469397174355783
XOM,🐂🛒🤐,161.35000610351562,-0.7199102499307336,0.0744342734954647,0.24853007943956112,19.16258526376619,-3.6325461068510423,36.76815491114729,48.2510645057316,0.6277592967999353,44.65877428260787,2.84,169.32000732421875,107.523681640625,159.6072836303711,146.94108848571778,168.11856687768318,157.4674362351098,True,0.06542744799065271,False,False,True,0.67206,0.00082,4103811493,0.175,14.432554,669213655040,1.0918815441909586
DHR,🐂🔥,226.11000061035156,-0.5366652931317863,2.053621186990002,5.876570141987621,16.720007838915333,19.50373636047578,-0.8116016531907324,6.809667772580136,0.8802338898829453,79.1232679713971,2.56,241.03509521484375,161.57479858398438,206.8585998535156,201.34248336791993,229.91767800271512,195.2573219972849,False,0.1630404233806326,False,False,True,0.84403,0.1096,625868484,0.808,23.81746,155746566144,9.306550837368421
LLY,🔥🤐,1184.6300048828125,-0.012662638663105604,2.9227026241633447,2.4119738301203513,-0.45416013763385804,29.202913842215033,10.763491115798058,44.42361192187796,0.7147937871008626,75.09549715815464,3.09,1280.3399658203125,794.5587768554688,1177.6696484375,1069.511354675293,1196.3974730729337,1109.0245117903473,True,0.07579780348782256,False,False,True,0.85317004,0.0015700001,888950401,0.502,24.439667,1031816085504,0.5910279215013599
BRKR,🐂🔥🚀,64.51000213623047,1.9437474409939628,8.111285597129598,11.2956139383312,6.468645223192798,78.90101445486843,37.372250072926846,86.58844423181445,0.7657841498040558,72.40019587689599,6.29,64.51000213623047,32.65568542480469,58.70409759521485,48.95037847518921,66.88525332428802,51.523967180472724,False,0.25946097910842475,False,False,True,0.95285004,0.26968,103686609,1.262,27.08899,9865265152,9.89011803068561
POOL,🐻🧊,162.52000427246094,-0.48373847158338973,-2.454832436773013,-12.867252546778715,-24.156674777529254,-18.54486772932687,-27.523099780791437,-46.1123513485837,0.7121610103153756,19.898390133213084,5.1,304.3899841308594,161.7100067138672,184.13049713134765,207.36410530090333,187.00781151107608,156.65918830581845,False,0.1766164526790606,False,False,False,1.1238201,0.03543,35061189,1.055,13.701331,5882476544,-11.736509266833233
VZLA,🐂🛒,3.8399999141693115,0.5235597192677354,-4.950496276539116,-5.185191769767489,17.79140875468637,16.36363544411566,-29.798901984331323,-14.093957619522119,0.7525594548334626,41.93547593195134,6.43,6.860000133514404,2.9600000381469727,3.7708000135421753,4.000400011539459,4.286129759730141,3.674870301305015,False,0.15356348542613749,False,False,True,0.65066004,0.05608,335010361,1.651,0,1345665536,1.8351517019894121
SIDU,🐻🤐,1.8300000429153442,-8.955221313529805,-8.955221313529805,-15.668203752290797,-32.96703186337655,-21.120685535647947,-41.71974580328266,67.88990705284789,1.2091937555919092,37.634410118282574,5.04,6.199999809265137,0.6340000033378601,2.124999985694885,2.8106099861860274,2.1973234649995828,1.8756765011449792,True,0.15794105893846572,False,False,False,0.30183,0.00035,101027937,-0.818,-7.5416665,183217840,-13.88235034190245
USAS,🐻,4.5,0.0,-7.21649302092273,-16.201115532584495,-5.063286555002263,-13.793099983347238,-11.937379991708072,17.49347492533701,0.7494366763139557,35.23132028892593,4.88,10.029999732971191,3.5899999141693115,4.874199986457825,5.906200006008148,5.6219575461097495,4.379042429094719,False,0.24855816820249904,False,False,False,0.45883998,0.17856,280738451,2.283,15.034484,1474367232,-7.677157020587558
MARA,,11.989999771118164,-0.9909156809341126,-10.187270198428546,11.327755445683778,-10.321616501518854,46.9362744525138,33.51893521513747,-35.57227631444091,0.5752209028324772,50.563604711305395,2.04,22.84000015258789,6.730000019073486,11.324000034332276,10.973049995899201,13.862496910222035,10.063503112666147,False,0.31756196555393124,False,False,True,0.75789,0.00827,378322217,5.336,-53.95238,4376771072,5.881311681090608
YMM,🐻🤐,8.270000457763672,0.8536664649606673,-0.8393248626320222,-2.3612727622179244,-1.2894925740517422,1.6559712709581262,-21.365826216027973,-34.7451956577686,1.6235210556812023,48.275862068965516,2.77,13.722161293029785,7.46694803237915,8.785200099945069,8.987874763011932,8.668893685913764,7.899106439971246,True,0.09292458233867841,False,False,False,0.84266,0.00664,764078590,0.225,9.516656,8649545728,-5.86440418340179
MRVL,,263.2699890136719,4.513694082049037,0.908392170422138,24.38343780526048,-3.2034702465739895,165.99368873133758,210.25692182384796,214.496247944702,0.9247929966491675,63.35286946026793,1.31,316.3519592285156,73.67494201660156,223.20059967041016,164.13253173828124,276.12033032913564,198.3466694877589,False,0.3278359121767837,False,False,True,0.81817,0.00494,873865926,2.253,39.0316,237446742016,17.952187136786506
CORZ,🐻,16.309999465942383,-1.2711924092144795,-9.889507612165007,0.06135110030618213,-31.210459317885125,9.02406032321527,12.019223872877838,-9.237617756493027,1.2190898336730185,39.47990261250368,5.69,29.15999984741211,13.569999694824219,19.04750003814697,19.793199996948243,19.160269780866418,15.774730257280556,False,0.19381935136047238,False,False,False,1.19771,0.03089,287484012,5.485,98.181366,5135020032,-14.37196780008987
EDIT,🐻,2.5899999141693115,3.187247968526468,-3.71747735776914,-15.359478346372338,-21.036587293874234,4.858294905632094,26.34146216651782,-27.042254958921824,0.5039227907395152,42.857137450823785,11.06,4.150000095367432,1.6649999618530273,2.846599998474121,2.6372999972105027,3.200150939875223,2.397849062032126,False,0.28663875583055975,False,False,False,0.79288,0.00179,115487579,2.087,-3.4124253,394700672,-9.014265595529976
TXT,🐻🤐,77.62999725341797,0.33604045186288073,1.0675689635306784,-3.6126959966723797,-15.533985821165249,-11.299477531701239,-10.883162492295973,-8.812294701236276,1.0253640760791203,38.54875513412099,4.49,100.70104217529297,76.0199966430664,84.03595138549805,89.72332397460937,82.08898670720934,76.03097102594496,True,0.07662556666613812,False,False,False,0.94315004,0.00732,170643699,0.898,10.485613,13105401856,-7.622873337500584
SAIA,🐻,336.32000732421875,1.8380037317846327,-2.1899079964041004,-5.296651169985134,-19.569529538848478,-4.258708582061123,3.0013532525681095,14.441269135792211,0.5626270785171156,41.91049847484459,3.33,487.1400146484375,250.47999572753906,361.8583996582031,388.7129501342773,361.48472746148695,324.7662704633177,False,0.10701174092046314,False,False,False,1.07312,0.00153,26497622,2.139,23.37059,8879188992,-7.057565157560772
OKLO,🐻,37.11000061035156,0.0,-4.404943580410812,-8.52846711979165,-29.24690167674307,-25.166363185794527,-48.28595386619237,-67.9893034480612,0.7670300066460296,35.179160244985496,3.43,174.13999938964844,35.619998931884766,41.0794002532959,60.274999942779544,43.12060750629448,34.539393104057076,False,0.22099444591283168,False,False,False,0.47296003,0.15382,149507966,1.195,-35.252106,6886373376,-9.662749744321946
OXY,🧊,54.939998626708984,-2.067735969631473,-4.218971335237135,-8.288304328509204,15.127452281335083,-14.69688298891714,35.48223444324379,17.422363013408244,0.8497409326424871,29.120869331924823,0.02,65.63426971435547,38.38186264038086,58.199008560180665,53.34101016998291,63.72536674375289,54.782159653952185,False,0.15093061785439302,False,False,False,0.58085996,0.26812,995558851,0.164,13.765645,55299940352,-5.599768817542146
ALHC,🐻🧊,7.909999847412109,-0.252206574520239,0.6361286647376804,-40.97014871199163,-67.05539453557729,-55.10783501326863,-59.94936786120451,-52.972651659166544,0.6375370271976681,12.682214709912685,4.56,24.559999465942383,7.670000076293945,13.322700061798095,18.193175039291383,15.66106747981058,5.448432451524869,False,0.9675866374386093,False,False,False,1.15964,0.02568,188506692,1.113,10.843854,1692670848,-40.62765197203923
WDC,🐻,453.4800109863281,0.05515963063786201,-4.2665015835072495,0.6826329145211792,-24.189785101812674,67.74885412059386,163.51714521953284,247.90263495929543,0.9277187534589497,41.31274550668455,2.86,745.990478515625,112.9193344116211,472.6734210205078,395.8439236450195,488.130248601131,411.55671734125184,False,0.17022260888190527,False,False,False,0.91929,0.0050999997,358031579,2.182,14.313912,163851419648,-4.060607002767552
ASX,🐂🚀,45.310001373291016,3.4711130988460432,3.1413636661246374,22.625170332165663,6.456847707243299,111.09686351454144,184.25962306072793,311.19319034502644,1.253477427121786,62.23942938130112,2.14,45.310001373291016,10.969649314880371,38.647200202941896,30.044009561538697,46.723596720271814,34.60740456146647,False,0.29794769443041064,False,False,True,0.07361,1.0000001e-05,1630069883,1.575,22.76253,115758964736,17.240061725977075
SBLK,,29.200000762939453,-0.3412917294366655,-3.9473647060816504,-5.40978306087865,21.327032772510933,33.504517455678965,62.08724512953514,67.31428249179342,0.8295237476447275,35.58823232419563,1.59,32.47999954223633,15.652897834777832,29.34473274230957,24.399428567886353,32.84861031643826,29.091389454679902,False,0.12131807799942239,False,False,False,0.35794,0.24452,65522069,0.718,8.337641,3407855872,-0.49321280463202655
TTWO,🐻🤐,202.77999877929688,0.2124994627187112,-1.7157853912630865,-7.701410288563361,-18.99169349389929,2.6734171034414556,-20.79834404323167,-20.602974304891646,0.7073695632516502,41.3061616205534,3.16,262.2900085449219,189.69000244140625,227.92499877929689,225.14210006713867,222.46205143044568,198.78994899680043,True,0.11238927012636764,False,False,False,0.99967,0.01779,186140901,0.966,20.160957,38798442496,-11.03213782370063
KLAC,,196.52999877929688,3.890680700741161,4.615137943562624,12.014820289380395,-26.08583571482762,33.79645529182958,62.34257602416927,75.03361603942886,0.8104388873888291,62.59710325898888,2.55,301.3693542480469,97.74768829345703,188.11036895751954,176.32177333831788,197.85541471764927,162.41658540442106,False,0.19673374173524746,False,False,True,0.93934995,0.00123,1303476398,1.444,29.070642,254384898048,4.475898839834139
VKTX,🐻,31.809999465942383,-3.6936099256509354,-23.625454260361824,-2.959119430984001,-15.12806869142142,-2.24339713904747,-9.579308726548232,16.222135515408862,1.1388483098834374,48.302172579579754,12.33,42.130001068115234,26.290000915527344,33.697799835205075,33.25282490730286,40.17356454661902,26.388435537304318,False,0.4142041703053996,False,False,False,0.60594004,0.02839,113731947,0.679,-7.4079623,4097449728,-5.602147257372132
TWST,🐂🔥🚀,186.1300048828125,3.6358566577849647,17.43217973679022,33.906478332958635,82.0342346042176,291.68771693983257,486.79069644383503,536.1244136255614,1.83420760805911,85.05494796435498,7.74,186.1300048828125,25.450000762939453,129.96540100097656,74.67905016899108,194.14677988953508,104.26622365050402,False,0.6023903460827,False,False,True,1.16918,0.0076,61969358,2.22,-305.5178,12812039168,43.21504296471483
UAMY,🐻🧊,4.179999828338623,-1.8779435738249097,-9.130436630465397,-14.168379331311753,-45.71428659895579,-52.11912889438881,-16.73307083226037,-44.63576526172549,0.8125158784726109,19.125678646136777,5.2,17.469999313354492,4.179999828338623,5.238599967956543,7.566999950408936,5.480040432099496,4.106959508772697,False,0.28644642365604966,False,False,False,0.63763,0.085389994,131972476,0.395,39.714287,624121280,-20.207691866016933
BIRK,🐻🤐,33.040000915527344,0.2123132915756863,5.155954281666828,-5.35662830151341,-24.960250212264558,-7.786773019668633,-19.21760468732075,-28.51579393570444,1.245248884712138,58.747060347340636,2.73,48.970001220703125,30.010000228881836,35.78880027770996,39.305400114059445,34.76924624352232,29.297753954841937,True,0.17080532167073673,False,False,False,1.05191,0.17417,77653369,1.277,11.715565,5351740416,-7.680613322751219
HPE,🐂,61.4900016784668,-1.8202129493956023,-1.3476658557859647,18.004454367115077,40.26285915565757,159.66354255551013,159.05306468534167,151.0981978409671,0.43703603715635353,54.64700141965315,2.3,63.52000045776367,19.66539764404297,54.5101277923584,36.08787233352661,66.6418166961195,49.888447586107056,False,0.2875367907762946,False,False,True,0.91279,0.0037599998,1321411540,1.442,13.765065,84811726848,12.804728531725965
BTI,🐻,54.849998474121094,-2.1409469746183447,-1.7905103443527657,-1.295665331396764,-8.168951117551691,-4.886467821634816,-0.3505259066768608,10.945698282226465,1.2673390164824248,53.83478419387217,0.5,65.78501892089844,48.34299087524414,57.33360008239746,58.12570316314697,56.98823795412662,54.426762579930994,False,0.045980799029168885,False,False,False,0.15697,0.00099,9861683250,0.114,10.383978,117055012864,-4.331843115916387
AEM,🐂🛒🤐,185.8300018310547,0.9123040946255419,-4.98031657636385,-8.304550245205258,20.272925524844243,-8.019818416526615,10.326139390697351,10.150874858191056,0.7060628957889344,34.026715106518836,2.2,251.0129852294922,136.03793334960938,185.25423065185547,188.12527465820312,208.84475739726278,186.0802441286161,True,0.11528524748086862,False,False,True,0.71151,0.00065,505686335,0.668,14.738629,92801490944,0.31080055617259145
ROST,🤐,234.39999389648438,-1.1345912872564106,0.17950174229184304,2.7623329244907837,10.832010008448597,8.62460207930292,30.90571728556057,54.27595599466398,0.742480381158917,64.2078938257686,3.55,254.73765563964844,146.49085998535156,237.657861328125,216.3824861907959,237.80180403549832,223.13925431411104,True,0.06362006358854756,False,False,False,0.95777,0.021370001,311811792,0.861,26.011482,74870300672,-1.3708224981216204
URI,⚡🐻🤐,1014.5399780273438,-2.814398103415272,-1.690909056498521,-2.2601177237626446,-8.587224666841694,39.781180047803474,26.116204865143132,6.221185685267309,2.6176026043483316,46.24953067858006,3.73,1164.8199462890625,707.7841796875,1065.71140625,941.9170593261719,1053.2219751353427,970.1380407337979,True,0.08212471705472138,False,False,False,0.94886,0.00434,61887084,1.787,17.460157,62291038208,-4.801621519911947
RGTI,🐻🤐,15.739999771118164,-1.3166146749731402,-1.6557288568813937,0.5108552010572022,-15.73876063183475,12.108260782650083,-28.939051728243033,-47.269683182686876,0.7845860850115997,55.03017792059217,3.83,56.34000015258789,12.899999618530273,16.11680009841919,18.475025029182433,16.827796808305305,14.424703248915153,True,0.15378568466460657,False,False,False,0.55925,0.020060001,327964508,2.01,-76.40777,5253519872,-2.337935104983928
AOS,🐻🤐,58.02000045776367,-0.6166505717112432,0.4849303276021484,-1.8772206837488286,-6.0647879947478875,-10.97482528124744,-11.792077778145078,-18.859657078229695,0.8045083962664843,51.69339105919985,8.2,79.5334701538086,55.44425582885742,60.24681312561035,63.98680744171143,60.24445214194006,55.804548407376345,True,0.07651774187709483,False,False,False,1.18004,0.0046200003,107876071,1.153,13.794842,7661166080,-3.6961501402637396
LIF,🐻🤐,40.040000915527344,0.15007847418214196,-1.7423290416506902,-6.5795605568496685,-30.152637797410797,-1.9108250493097754,-37.5740547294277,-62.26912940141535,0.8724659539546644,41.11014686756311,12.58,110.88999938964844,38.099998474121094,47.55129989624024,49.605400009155275,44.57914694380007,38.89885217119017,True,0.13609082232038983,False,False,False,0.56398,0.03632,78098945,1.064,22.56568,3281622016,-15.796201149291386
ENPH,🐻🧊,31.829999923706055,2.976383309076499,-3.7496213563988516,-12.60296121912787,-32.04526084539848,-15.815924973251214,-0.6864253310187265,-13.9962135443095,1.2411978138659268,22.55892068492426,5.9,72.33000183105469,26.1200008392334,37.34079990386963,41.21690000534058,39.12610501653054,31.104895311533433,False,0.2284236211225335,False,False,False,0.96630996,0.03031,128144630,1.643,14.654147,4359452160,-14.758119789481238
WB,🐻🤐,6.420000076293945,-0.7727931301250323,-2.1341443247982146,-6.002926090658543,-13.70967705755072,-21.46037777981818,-32.75717576578227,-45.19762931601177,1.1018094190079537,36.36362510419208,11.49,11.985738754272461,6.420000076293945,7.2307999897003175,8.327003538608551,6.836954480432596,6.399045532918843,True,0.06616937852402913,False,False,False,0.25699,0.08246,83756624,0.148,5.032289,1587044864,-11.213142592262132
SHEL,🐂,95.13999938964844,-1.3786688237019116,-0.2829936716249866,4.034994603110457,25.341253198439922,4.133424365881366,33.02783268959298,36.24118802253899,1.1902592537454773,48.40720649702723,3.14,98.94999694824219,68.4334716796875,91.87085861206054,83.70291923522949,98.33263648128002,91.89736229801684,False,0.06765782709938743,False,False,True,0.13396,8.0000005e-05,2715855317,-0.22,9.139344,270978203648,3.558408865418756
D,🐻🧊,60.63999938964844,0.5972140305935183,-0.8664358266499737,-7.207073000736673,-9.643581131776898,0.07432983067567624,6.716600721285094,3.827765853032785,0.7923528845227776,20.266672770182296,5.2,70.9729995727539,55.35892868041992,66.09026565551758,63.22225728988647,67.66375231267266,59.52899823664375,False,0.12791222834472504,False,False,False,0.83042,0.00132,877766897,0.622,15.866899,53228912640,-8.246700496375032
MKC,🐻🧊,48.400001525878906,-0.1238084187520634,-1.405578782978695,-10.734045672802264,-7.694972624093693,-2.3118134398991566,-27.65538295217916,-26.26410134546046,1.0491665674857962,26.666662813433987,0.0,70.37922668457031,45.190494537353516,52.06900001525879,55.213144092559816,54.144573554000026,46.58242649177634,False,0.15015134092719917,False,False,False,0.96639,0.000120000004,265496285,0.634,14.078354,12474712064,-7.046416271302854
ONON,🐻🔥,29.549999237060547,-1.5000025431315103,-2.0225484530428597,3.6842078493352517,-16.90101772815048,-13.139333217389861,-36.4242695178848,-27.85644556261105,0.7438840836805799,71.9611012051232,3.03,50.630001068115234,26.760000228881836,31.487000007629394,38.28714998245239,30.675188004611986,25.630811560512523,False,0.17917722740238537,False,False,False,0.72119004,0.24216999,248712556,2.084,14.501875,9896096768,-6.151747610440837
LI,🐻,11.229999542236328,-4.09906485351815,-4.017096364878734,-7.190089353763505,-8.176615187486295,-37.01626702025181,-33.66804879027006,-55.960786108877144,1.8365309634569362,40.39547322464317,10.02,25.829999923706055,11.229999542236328,12.329400024414063,15.46939998626709,12.464260563746866,11.269739451511924,False,0.10065906391396086,False,False,False,0.049450003,0.00024000001,518708206,0.537,20.489902,11101838336,-8.916901714607015
BHP,🧊,84.81999969482422,0.28375249299345934,-0.15302796714303907,-7.718239297333891,5.413554837007857,19.151816890654747,46.39356525634514,58.52519100688455,0.9483267716535433,27.579962456195446,6.47,96.58228302001953,50.46330642700195,87.35537139892578,77.06454292297363,93.0289309795534,81.66829344671615,False,0.13006088185026626,False,False,False,0.0464,0.00014,2478230563,0.85,18.11489,215618895872,-2.902364975959271
ENVX,🐻,2.75,7.632091121245689,-6.462586854508065,-18.639056009177846,-52.99145222511377,-46.9111951518731,-62.38030066311676,-75.24752398757082,1.736843940174549,31.85840129142707,6.2,13.1899995803833,2.555000066757202,3.6238999938964844,5.756850004196167,3.512303989735964,2.6076960150324076,False,0.2956235209146193,False,False,False,0.51745,0.11717,189603027,2.302,-4.587519,636400768,-24.114903705078543
NBIS,🐂🤐,237.35499572753906,2.3611310718634466,4.741624415624607,15.04216135207421,3.5670666345307516,128.75384622285054,183.56130522116538,105.30662959471226,0.8658864643365896,48.57631274422807,2.76,286.69000244140625,73.87000274658203,217.7531002807617,165.50025032043456,251.9969323879719,197.36056730685235,True,0.2431754899750207,False,False,True,0.69461995,0.03411,228614878,1.436,-67.576744,64125214720,9.001890407761582
TENB,,34.9900016784668,1.5085594411042635,-3.4225721209959232,-8.283092322469596,-7.6780995521203375,106.79669929487847,48.7037851993155,21.19847821727984,0.4405478028289261,53.329979273217255,3.4,42.650001525878906,16.040000915527344,34.92040023803711,26.7414001083374,38.270038990054374,31.345962139096017,False,0.1989219931812208,False,False,True,1.0929,0.014939999,108492289,0.958,16.68409,4007993856,0.1993145552606599
LOW,🐻🧊🤐,187.25999450683594,-0.21315631859075987,-2.1425617111405026,-8.519786370986564,-15.096747582642205,-19.8739910528803,-21.142819139793307,-22.93763027770914,0.8730959885063524,28.571412095038127,2.9,284.26031494140625,187.25999450683594,206.28360046386717,230.78550918579103,205.1861521352053,185.1858495127439,True,0.10246791541417125,False,False,False,0.8135,0.0010899999,559797258,0.846,14.151323,103396638720,-9.222064145793999
BWA,🐻,60.939998626708984,-0.2128722265676582,0.6440947887076643,-4.766380066619786,-5.062309813272617,12.876648117040283,36.325471569303446,39.33967091877253,0.9116410143367781,36.29440364971684,3.57,76.82589721679688,40.474002838134766,64.65203834533692,58.959714546203614,68.21454228674108,58.628458888185676,False,0.1511487951209136,False,False,False,1.09193,0.00614,201633764,1.103,10.117996,12242384896,-5.741566412492961
VOYG,🐻🤐,30.739999771118164,-7.35382914893162,-2.1019103676122963,-8.59352127626631,-9.080158170588156,31.42368778651003,17.597553515212965,3.3277303230862656,1.1229258521172572,42.230251184166306,7.87,51.77000045776367,17.989999771118164,34.12359985351563,31.831849937438964,37.90473639226204,29.79326279902214,True,0.23963702591329206,False,False,False,0.8642,0.04484,54899301,1.0,-18.49022,1846129024,-9.915718438038313
STZ,🐻🧊,112.7699966430664,-0.13283876045984466,-3.2598464971314014,-13.665594197968487,-16.964813076032108,-23.722016419620974,-16.5253452869173,-16.46958650916982,0.6523122701161301,26.141288911463775,4.03,164.2807159423828,112.7699966430664,127.95063140869141,142.2224272918701,132.43398983950038,110.08500887876133,False,0.18430705288126503,False,False,False,0.88405,0.12562999,157811178,0.4,9.217416,19311138816,-11.864446934330497
EMR,🐂,157.24000549316406,-1.3488888291093162,1.7142177489164672,3.148781799319901,13.082892528091902,20.905883567638853,19.81588022319846,21.739183339791513,1.0785495095199178,62.38336145748269,4.02,163.82443237304688,122.33541870117188,153.43007080078124,143.49232601165772,159.54237340202982,143.72162653693502,False,0.10433646504879511,False,False,True,0.84073997,0.00253,555602268,1.233,21.336863,86514786304,2.4831733913033074
DVN,🐂🛒,46.599998474121094,-0.278196168176151,-2.9975071065013585,-3.3151910793518558,16.526211293453336,-6.129974519817394,29.62628708041059,35.29951020020288,0.7948182687242719,41.98981267998734,2.91,51.36956787109375,30.951086044311523,46.56136215209961,43.92014921188355,50.73865754577551,46.09974119690027,False,0.09580737412236691,False,False,True,0.94793,0.00798,1090870000,0.426,8.545533,50644000768,0.0829793636519278
NUE,,236.24000549316406,-3.3743710641090683,-4.348526366573848,-5.36772709872071,7.86229608473637,40.047415700496465,45.68568858870993,76.11208810708987,1.1949448384075512,32.45344711403861,3.13,274.739990234375,130.5651397705078,255.8076007080078,212.9983748626709,269.4890579297788,237.23694609854147,False,0.12729605970422952,False,False,False,0.80972,0.0117999995,223447585,1.881,11.755766,53032189952,-7.6493408173509385
SNPS,,415.0899963378906,-0.6034312162221018,0.4914537334274094,-5.5733752369487695,-8.677095581661899,4.693801663611291,-11.630333973609948,-15.076312988551757,0.8552114197653451,60.661008850305286,2.98,534.5599975585938,367.70001220703125,402.1038006591797,444.746951751709,434.79276689554973,367.40723615620806,False,0.16800182119918036,False,False,True,0.93038005,0.029860001,190523237,1.227,24.582367,83350437888,3.229563027611855
SW,🐻🤐,44.380001068115234,-1.5309488160218978,-4.538611602866151,-5.373135129586645,-2.832088230238641,13.66697215079061,18.17142709714537,7.118808646735891,0.7351725792691597,61.35417006082059,5.65,50.79134750366211,31.845064163208008,46.5653288269043,42.52822280883789,47.36636103152074,42.21663953305446,True,0.11497095355170965,False,False,False,1.01279,0.0051599997,520626735,0.931,12.853357,23131459584,-4.693036243580516
NTDOY,,12.529999732971191,0.07986641247540023,-2.185797638357033,-10.436026176076776,12.984666912265746,-11.884673012110524,-25.682092055927168,-42.94171104118657,0.05617023448933057,42.213111069854705,0.0,22.610000610351562,10.1899995803833,12.969399967193603,13.410950012207032,14.244439696402342,12.124560261635988,False,0.1607857285554835,False,False,False,0.00125,0.0,0,1.0,5.8551397,57782005760,-3.387976585916729
AEP,🐻🧊💀,119.30000305175781,0.930631245276004,0.7601364140879603,-2.5565606841590824,-10.989790023910029,-7.627940662186558,5.835268617852194,9.091752620833205,0.7120648585918832,27.03167666515253,7.87,137.64207458496094,109.35749053955078,124.3865982055664,125.55016620635986,126.45784937204499,116.5321507805429,False,0.08169635446124653,False,True,False,0.94342005,0.00034000003,543509984,0.5,17.302431,64587304960,-4.0893434077216835
XPO,🐻🤐,177.3699951171875,0.40189711330250943,-1.4172982868548907,-8.567457036626678,-14.338840332017577,-8.830638738155026,30.50547445952048,39.73843432658918,0.6806905705927584,37.9213314588441,6.89,228.3699951171875,123.66000366210938,193.2895993041992,192.12844985961914,191.44108546469258,169.1369128873582,True,0.12371344163687813,False,False,False,1.03775,0.02151,104566409,1.704,27.127308,20604874752,-8.23614112933073
VAL,,78.44999694824219,-1.4694872619683128,-4.989709049060694,-9.169857064353591,8.266627021049906,-19.98164400688264,55.6547511371809,53.16281741229771,0.37473698273270767,37.87710408386699,5.29,113.41999816894531,46.75,82.97460037231446,81.87814985275268,91.26253762341089,77.20846228503636,False,0.16684266545591803,False,False,False,0.93955004,0.12031999,61053516,0.939,11.11882,5452099584,-5.452998150964232
KHC,🐻🧊,23.450000762939453,-0.46688754455169007,-1.429172507370431,-7.187762683446701,-4.738499826826208,7.855527127372832,1.706674259716897,-4.659973882321557,0.4679132117331709,28.03030084096754,4.23,27.185382843017578,20.504615783691406,24.920611457824705,23.273550214767457,25.712890107453223,23.210080282866603,False,0.10231634770409773,False,False,False,0.66697997,0.27778,855986880,0.082,10.883468,26941915136,-5.901182229714119
RDDT,🐻,145.36000061035156,1.5935132444218452,-4.355833203901021,-1.6575312825311277,-26.496761403719127,7.953960044068609,-36.764256450152544,-28.252716568980794,1.0322069803209506,49.01387697279639,3.16,258.92999267578125,121.83999633789062,158.02600006103515,169.73575004577637,163.96387676350008,142.31512714274993,False,0.14136620104312925,False,False,False,0.89094,0.0065499996,140697644,2.022,14.703499,27404959744,-8.015136398941653
ALK,🐻🤐,39.93000030517578,0.5793439239704906,0.5793439239704906,-3.3873734910579363,-22.087804282583843,8.564441627040003,-20.616300376092752,-17.67010246355509,1.4779723071679283,47.8348407737272,4.87,60.209999084472656,34.189998626708984,43.687000122070316,45.621250019073486,42.23393064484202,39.07106966033376,True,0.0778023731046444,False,False,False,0.94267,0.00598,110849799,1.279,9.152312,4319041024,-8.599811857982278
ROG,,138.1699981689453,1.1197297907868584,-0.9107890492146276,10.034242657277353,-12.038453935369684,28.73380770684701,50.890027988888434,68.85004897618059,1.1336458214244884,61.854244191025984,3.46,167.08999633789062,75.55999755859375,130.94359970092773,122.22724994659424,141.6653632667681,122.12563481062449,False,0.14814552883575607,False,False,True,1.02626,0.01211,16787479,0.503,34.37978,2733676800,5.518710715546626
FIX,🤐,1665.050048828125,0.4070433456701662,2.407898630063142,7.726999785732096,-10.682124756079993,20.85404259421237,78.66161719525509,99.97598544700496,0.8387982308982767,56.12949960827019,2.38,2065.4404296875,789.1040649414062,1663.14283203125,1544.2852310180665,1695.045745457277,1538.1342594255357,True,0.09706325400674908,False,False,True,0.95886004,0.01081,34716801,1.676,27.486404,58214584320,0.11467546624036166
ERAS,🐻,14.210000038146973,0.5661707222797149,1.9003251998715394,-20.525723125717857,-20.7031251247307,-12.175526760643075,281.98924539943476,542.986415966838,0.6560872352496605,37.06597900592735,8.56,22.469999313354492,2.130000114440918,17.195100078582765,13.812950026988982,17.20855527730114,13.690945092724496,False,0.2276807160279483,False,False,False,0.86389,0.09476,242902738,0.645,-23.524504,5127511552,-17.360178346120026
Z,🐻🧊,27.34000015258789,-0.36443286998340035,-4.572424025775903,-21.7963361883186,-17.201696627597403,-33.929435846113755,-59.92377651220144,-62.79259811709292,1.69315555466669,29.16667770455976,3.89,78.04000091552734,27.34000015258789,33.05450000762939,43.432549934387204,36.065619623632486,26.40738071206087,False,0.309197216707182,False,False,False,0.97688,0.05519,207033375,1.976,9.7250595,6100857344,-17.288114640132278
NU,🐻🧊,12.350000381469727,0.9812006845869069,-9.32451919794729,-15.120273404986282,-7.766989807223182,-14.057059987309561,-26.224608420978512,-18.69650610511676,1.071351854552778,17.44473494659661,1.88,18.760000228881836,11.600000381469727,14.326599998474121,14.756500024795532,16.10360292589214,12.331397112254834,False,0.265321315883714,False,False,False,0.82278,0.02029,3726393232,0.94,11.205027,61156519936,-13.796711133241073
DG,,122.63999938964844,-1.3910133623287535,1.6915430691030204,-3.2426040318355525,7.001303944991082,4.31231755514682,-6.320541497617667,25.53227362396037,1.047554584308341,46.564609951249516,2.25,154.71353149414062,94.59921264648438,124.30639984130859,126.29878341674805,132.91733223503417,118.1046671240967,False,0.11801886008999049,False,False,False,1.00812,0.0028,218642270,0.235,14.426958,26381355008,-1.3405588560102328
SOFI,🐻,15.90999984741211,-0.12555214928133787,-3.8670659767480937,-11.017893768570115,-13.720176862103353,0.18891519367125392,-39.228419931428704,-38.237578780865114,0.8020195384340907,30.601101154570742,4.68,32.209999084472656,15.149999618530273,17.534999809265138,19.107724957466125,18.486098425063773,15.77790094169648,False,0.15807830570966766,False,False,False,0.51445,0.01454,1271331417,2.208,19.077902,20303484928,-9.267179809117598
XXI,🐂,6.53000020980835,-3.1157206000168096,-3.970587843429682,6.69935182869391,21.3754660019545,2.0312517578713334,-25.456620557167874,-72.07014352350285,0.5040469133788328,64.42308118475106,3.65,24.610000610351562,4.269999980926514,5.4734000301361085,6.845649976730346,7.133412170153835,4.97858786608579,False,0.35581642959390986,False,False,True,0.13027,0.63064,130796241,-1.224,0,4234613248,19.30427474430306
BTDR,🐻,10.899999618530273,-1.1786048738724617,-11.454108472973793,0.46082244518570276,-29.40414562977806,26.011561840765708,-2.7653917802121852,-39.4444465637207,1.518362758777098,39.40740813999653,4.23,25.899999618530273,7.28000020980835,11.02270004272461,12.000824983119964,13.45495749468127,10.12704247480115,False,0.28224196626128323,False,False,False,0.70579004,0.28742,160329782,2.505,-28.161074,2850995712,-1.1131612374349549
MNTS,⚡🐻,3.700000047683716,-8.188589204572951,-12.52955009456143,-12.94117534861845,-43.07692234332745,0.5434777327093245,-24.02463789259512,-84.76470500226661,2.23114999825705,39.71429011286461,2.86,30.53571319580078,3.2300000190734863,4.35389997959137,6.428935689926147,4.479604116840639,3.8128958783909894,False,0.1607978869660588,False,False,False,0.11634,0.00464,21864346,2.326,-2.4967742,84998352,-15.018717356227029
LEVI,🐻🤐,19.75,-0.30287464694552213,0.611313521975271,-4.865126289722762,-18.859151149464694,8.163153599857603,-2.9339393762706028,-16.936636747713443,1.0483239081556177,35.43688016940223,3.85,25.530000686645508,17.686683654785156,21.948999938964842,21.61542974472046,20.935439408039194,19.259560286785025,True,0.08338744291469503,False,False,False,0.91050005,0.02236,93006835,1.309,11.524781,7581556224,-10.018679416282104
KOPN,🐂,4.75,0.0,-2.464063416406136,6.981980603252695,12.559247302338841,111.11111111111111,102.99146043713539,90.0,0.9100023998574809,65.80645200985424,7.94,6.389999866485596,1.8200000524520874,4.4447999811172485,3.625449996590614,5.101261752737202,4.032738214837871,False,0.23396617948160703,False,False,True,0.56833,0.06058,170637405,3.573,Infinity,855013952,6.866451137943809
SPIR,🐻🤐,11.149999618530273,-5.025555060395854,-8.681412090950067,-15.975891229100018,-39.33623434362973,-11.367252097363325,48.66666158040365,-1.240038474719141,1.0510703664747145,45.91346330191101,6.89,25.479999542236328,7.019999980926514,12.516199913024902,13.711799972057342,12.499143093371712,11.070856887554802,True,0.12119526575924634,False,False,False,0.66278,0.060349997,33942081,2.582,-28.666668,437306240,-10.915456000929654
IRDM,,47.939998626708984,-0.8069588031654171,-0.7453428903479864,2.3759559878594168,-13.682299854133658,73.93355660501922,179.29838387333677,177.40334647266153,0.7731809467765738,57.03063694495757,4.05,55.53901290893555,15.518257141113281,47.68061325073242,36.33102707862854,49.10888061194582,45.8446510347827,False,0.06875425317106855,False,False,True,0.89958,0.119169995,86776256,0.88,27.930029,5076516352,0.5440059560739379
BWXT,🐻🧊,138.00999450683594,2.724219007850525,-2.679643972342436,-9.376846417260417,-27.72414997820047,-32.31325518861666,-19.808121962700223,-25.846295468384405,1.6977879398261564,18.56082994705085,2.87,237.7264404296875,134.35000610351562,158.72130615234374,189.83880821228027,164.89951286522478,132.38448676856427,False,0.21874723252320558,False,False,False,0.94343,0.0035499998,91233503,0.743,26.17376,12552211456,-13.048854087446013
SGML,🐻,9.710000038146973,2.2105267173365544,-4.240634029750687,-23.180381531584313,-21.756646595190528,-21.312804553647965,-26.383621326356398,42.16691283472503,0.5295143890280636,41.46825730965824,2.09,23.649999618530273,4.679999828338623,10.775200004577636,13.41817497730255,12.856935816585029,7.788064355076348,False,0.4910507550846652,False,False,False,0.82331,0.03308,61071687,0.601,5.446307,1058142080,-9.88566305941545
ETN,🐂,433.2699890136719,0.43114098787085264,-1.2512582345154386,7.810785246708813,5.342100494946583,21.77041954873882,37.16818160694616,17.189347412726594,0.9307146779895535,57.47287985263014,4.15,459.9599914550781,313.20001220703125,420.1042730712891,386.0968916320801,454.35110888782134,379.6818867176474,False,0.17905579890389733,False,False,True,0.87901,0.00071999995,387716416,1.168,26.561264,166899367936,3.133916217069438
TRIP,🐻,8.399999618530273,-0.11890878791053923,4.477607691359675,-11.764714132130367,-38.90909368341619,-21.20075291962118,-42.307696590358965,-46.59885656083084,0.6971140253583001,40.454547030866095,9.59,16.719999313354492,8.039999961853027,10.657199935913086,11.650549988746643,9.685041054040699,8.068958846777171,False,0.18205274487909398,False,False,False,1.2473999,0.01338,115604259,0.839,7.7867703,973942976,-21.18005039744448
HESAY,🐻,150.63999938964844,-1.8312138250100756,-2.956900382801674,-15.161071490813619,-19.936218827343165,-21.50439331929547,-38.643172475308965,-38.14433047824701,0.04731015963001641,31.690550707041425,0.0,258.2061767578125,150.63999938964844,173.9885986328125,202.6642523956299,174.13160137488802,145.8073970381979,False,0.17706003005060117,False,False,False,0.00018999999,0.0,342181395,1.001,26.884205,157782654976,-13.419614518787649
NVT,🐂,161.67999267578125,0.7351979288356698,-0.718460782243174,7.250409735178276,1.190136257050026,37.075250792096746,59.30012857987457,62.567034280756026,0.6213833065250673,53.192353480123394,1.8,184.09619140625,94.54652404785156,157.05795837402343,139.35138580322266,169.17679008229928,143.51921058908746,False,0.1641055813833414,False,False,True,0.93648005,0.00797,161161950,1.355,24.741545,25957156864,2.942884492838462
MO,🤐,68.72000122070312,-0.5930797757909249,-0.33356887268858104,1.9531823908198458,-2.4076858026206227,7.382413675489199,24.954955404879744,10.676737331626027,0.8318449449846818,65.50735410583977,4.52,73.74224853515625,52.1916618347168,67.90135124206543,65.23668300628663,70.39580923189428,66.90049051175808,True,0.0509164300372603,False,False,True,0.65169996,0.00117,1666454530,0.494,11.48357,112440549376,1.2056460787050347
DLTR,🐻,113.30000305175781,-2.344417919332138,0.12371808511642444,-10.498454594041947,-6.479569438919282,3.4608719218291872,-7.8936663001753935,25.442873598958236,0.8860073374988018,39.17482448494273,2.65,141.2100067138672,85.04000091552734,124.55819915771484,117.53669971466064,133.14690689729784,104.20109420133498,False,0.2439103136489789,False,False,False,1.07712,0.00164,177462613,0.662,14.410165,21393606656,-9.038502629362814
CP,🤐,86.51000213623047,-0.057758114340794205,-1.7912830731159173,-6.463861923020163,0.9062577059892406,10.459340357675057,18.25207576574969,16.355727347011317,1.0212550272712246,33.746794904875586,10.47,96.4796142578125,68.43778228759766,90.76321365356445,84.1099524307251,91.57337063607214,85.47623339835168,True,0.06887490396798619,False,False,False,0.76188004,0.00044,832391326,1.22,20.136572,74809638912,-4.686052141749995
TSN,🐻🤐,50.97999954223633,0.05887885936735025,-0.739877460279168,-6.681306781419023,-11.935775280564213,-19.011058809683668,-10.76592558118727,-3.116129708571983,0.8277888320363901,42.43026404977644,2.78,67.5448226928711,48.9970817565918,55.3187858581543,59.20289321899414,54.82690426294121,49.72909511144843,True,0.09751346994903212,False,False,False,0.94032997,0.02621,274493130,0.371,12.240972,17776529408,-7.8432421258182945
KNX,🐻🧊,64.19000244140625,1.007086092886169,-4.4364981521122075,-6.035518713127915,-16.79583476399264,12.086403459719392,23.85542463094971,66.87539532067262,0.6582463971798007,27.66988385529318,4.37,82.21296691894531,38.46582794189453,69.17523582458496,64.60806606292725,71.65798998559876,62.89644459997255,False,0.13023049612020357,False,False,False,1.02414,0.02918,158166281,1.184,15.77399,10349654016,-7.206673491970881
DAL,,84.87000274658203,0.9996477204425649,3.816517121201261,8.80769582895132,-8.575586950073708,28.317198635861075,23.25224678323839,52.91120946195138,0.7880289947766762,67.60643941505677,5.07,93.42931365966797,55.21601867675781,84.0529998779297,75.32999687194824,85.55520552882882,75.41279526462822,False,0.12601772046873644,False,False,True,0.80718005,0.091759995,649739825,1.291,10.119,54885220352,0.9720091725921415
KD,🐻🧊,11.289999961853027,0.5342869284280559,-6.77126109059867,-16.059478647160848,-5.9166669845581055,-13.948170271863331,-57.49246916841968,-62.39173954131888,1.0796957874597435,29.523796116136694,8.81,30.6299991607666,10.59000015258789,12.885999984741211,15.12314995288849,13.989037738271833,11.133962120584368,False,0.22728779474804733,False,False,False,0.89765,0.02178,199064111,1.711,4.520219,2452633600,-12.385534881096278
EQT,🐻🧊,48.880001068115234,-1.9851571786109836,-4.269487361032696,-9.782205993369553,-6.5676114298497605,-22.734934845735477,-8.003553612150975,-11.936956873736984,0.9722224992768873,21.674859814489096,3.54,67.52731323242188,48.6972541809082,52.94860473632812,55.33711309432984,57.31005498228956,47.83194483460497,False,0.18029160876130906,False,False,False,0.95895,0.00902,619110716,0.576,12.913451,30375059456,-7.6840620984700125
ADBE,,233.1699981689453,0.9350260653096796,-3.1243525681095177,-20.36272025547253,10.517585975337001,-4.076848604352496,-33.378095181293546,-32.162807709515135,0.7243075809789395,34.500505500314475,3.63,359.9100036621094,193.41000366210938,257.26179870605466,261.56759986877444,286.34393542638725,221.03606640466745,False,0.2574317820412076,False,False,False,0.89023,0.00229,388051860,1.417,8.670458,95376154624,-9.364701894445064
NEE,🐻🧊,75.88999938964844,0.5298735424536049,-1.4671478871321073,-7.833370457989776,-11.473102013012591,-17.0750173985623,-3.4057095490419966,-0.7614103555759124,0.94563453600042,17.18444106512321,0.0,96.44304656982422,75.48999786376953,83.46774795532227,86.36636291503906,86.28429140488865,74.57170835097074,False,0.14562817764577993,False,False,False,0.87031996,0.00118,2081172706,0.644,17.23867,157991993344,-9.07865463164283
TAP,🐻🧊,36.0099983215332,-0.7168517588888388,-1.6657581325608382,-9.431589935377529,-6.686135794049674,-14.384786660438879,-20.2110512005442,-18.241085171077568,0.5248736732158988,24.430679267516382,10.55,52.576141357421875,35.95000076293945,40.1468953704834,42.517421836853025,41.378826832790956,35.19817321298542,False,0.161423237162878,False,False,False,1.10067,0.1278,156149575,0.42,7.455471,6799975424,-10.30440090267031
ABBV,🐂🔥🚀,263.2900085449219,-1.1228745110717908,-0.6752595888093458,2.6791961459449958,5.6178109541780215,22.93158830772427,17.954854565649306,11.080286544439327,0.9686803357311248,78.97943205262285,4.44,266.2799987792969,195.98501586914062,257.48219909667966,228.8551919555664,270.7795211404598,251.14947361051682,False,0.07522114206093831,False,False,True,0.7736,0.0011,1763989487,0.281,16.084267,462260207616,2.255615909999855
SYM,🐻,41.5099983215332,-1.166670663016183,-4.989701015561677,4.638266290690908,-7.673489397669811,-21.973688484511865,-30.23529693859966,-28.554217880018378,0.6299697565709006,46.58461671366369,11.2,87.30000305175781,38.220001220703125,42.053099670410155,50.719974975585934,45.7113753169224,39.23862392013815,False,0.15238967521874736,False,False,False,0.78970003,0.13621001,114035322,1.942,54.523067,25467697152,-1.2914656782341658
GPK,🐻,9.210000038146973,-0.432432020032728,-4.658383192269828,-16.80658746335505,-12.1803786941742,-5.287255430785073,-36.77890598415484,-51.00256316850651,0.8782225301309156,45.69310333950792,4.46,18.79690170288086,8.716507911682129,10.66013147354126,11.202639617919921,10.722564655139099,8.662554401562563,False,0.21253521812798631,False,False,False,1.2205,0.015470001,270878843,0.663,8.096551,2679447808,-13.603316610058261
DOW,,27.610000610351562,-1.0039397110951478,-3.630014038485569,-9.534730680752215,3.3693827197168305,-32.2583021250696,22.106928565686495,25.695056552647316,0.9404575026232949,33.81555134995867,4.2,40.973045349121094,19.678743362426758,29.806794357299804,31.34531862258911,31.091250782082884,27.251749248434695,False,0.13161824149049087,False,False,False,0.79501,0.0021,720592646,0.424,15.707613,19893264384,-7.370110722457605
LKQ,🐻,23.110000610351562,-0.4737239718162535,-1.3657690595656098,-7.928285820215752,-10.587974494433322,-19.456347616741237,-20.903273516535226,-22.4805911906936,1.013867188960073,39.328070914120744,4.53,33.667720794677734,22.189559936523438,24.455407180786132,27.749400806427,25.418188721430525,22.299811309087055,False,0.13070025610248304,False,False,False,1.10523,0.0036700002,251195651,0.843,7.3828306,5776037376,-5.501468695608612
MOS,🧊,22.420000076293945,0.7640452867143609,-8.001644217427092,-6.261275705498409,6.149211846050399,-10.432778733808687,-4.390895995484112,-31.273071641129217,0.6338026075016072,25.379306171790418,3.65,34.15552520751953,19.653635025024414,23.46855453491211,24.15481143951416,26.918275730222657,22.445923145204592,False,0.18119822409370992,False,False,False,0.98428,0.0033500001,297804641,0.831,13.8385515,6882440704,-4.467912401926249
OKE,🧊,86.86000061035156,-1.9860100222106456,-4.064502173585324,-9.530258642110839,2.5261333298272164,-1.5942542711311836,22.676565344863832,25.479675445497545,1.1599393711525638,20.448573842771182,7.96,97.51000213623047,61.951148986816406,92.33380706787109,85.11415794372559,99.69467578743208,87.0393253722359,False,0.13554414661071984,False,False,False,0.84844,0.00154,628535291,0.719,13.672184,53754990592,-5.928279826581765
ANET,🐂,202.86000061035156,-1.0052691669923766,-0.2997987942654491,3.6639573199924524,21.75009395941686,65.22235105654501,54.81950889127539,35.90138326791589,0.9500651215602458,59.38032511929853,2.62,210.5,116.12999725341797,191.62940002441405,157.7659998703003,210.9169710457741,183.91002785559309,False,0.13680393319266235,False,False,True,0.7334,0.17247,1049792948,1.617,39.246872,256772734976,5.860583284457762
GT,🐻🧊,5.0,-0.3984059960658085,-6.36704387401784,-20.255183170492554,-22.60061965209784,-24.58522000460583,-42.92237592055153,-33.687002317023854,0.6868583255877126,29.281761842689008,5.94,10.539999961853027,5.0,6.113000020980835,7.154600007534027,6.303621304233315,4.603378712932822,False,0.3117708973364888,False,False,False,0.95662004,0.040510003,274790708,1.107,9.43056,1430856704,-18.207099904479527
LEN,🐻,83.01000213623047,1.194688981491161,1.8277791395012197,-1.3078093759824738,-4.083392001365365,-3.3305908850615054,-17.974340819083007,-33.950970573383934,0.9717482211862057,55.269323102674186,0.14,131.0579833984375,76.43000030517578,83.77099990844727,94.08570274353028,85.32842088956284,76.55757917147233,False,0.10835824857966318,False,False,False,0.98,0.102910005,186146305,1.398,15.479946,19654633472,-0.9084262728730539
TFPM,,31.049999237060547,0.713588433016273,-4.520298893022259,-7.863505833486996,3.0645791232958546,-10.222005988750468,-6.063515720129768,3.9843499137708402,0.8826332089255936,35.078514895700934,2.9,41.15363311767578,26.8026180267334,32.02044757843018,33.162127161026,34.89044359637313,30.90455590771623,False,0.12116080914049303,False,False,False,0.88241,0.013990001,68930674,0.337,19.977694,6346953216,-3.0307144801540877
STNG,🐂,83.56999969482422,0.45678235637222714,2.8553842397836537,5.972608480875915,20.877713812014225,13.2551849537728,67.30763635163926,50.437770765510336,1.2872056251346895,51.76227306255942,3.26,87.8499984741211,48.65275573730469,79.84698913574219,72.55615453720092,88.15998484222393,78.6940152493288,False,0.1134641014024376,False,False,True,0.75044996,0.16242,39025777,-0.227,14.599711,4191809024,4.6626812098735515
CBOE,⚡🧊,261.75,3.3522884297997178,-2.6481181412913837,-12.808131460206077,5.957174372073933,-6.419309710957911,5.050499606995631,9.151278960656718,2.484310483208107,28.63222438576186,2.87,364.9193115234375,230.86866760253906,287.56583099365236,285.50033599853515,308.839275247097,247.65971919870378,False,0.21987301561728773,False,False,False,0.91276,0.0025499999,104036270,0.408,18.083822,28748814336,-8.977363862893087
BLDP,🐻🧊,2.0999999046325684,1.9417457749564655,-4.109595901203698,-9.090910967481976,-44.881891439070785,-13.223147172434558,-17.322837158606177,-29.054058190241918,1.0741972010916905,29.687504074535582,7.08,6.380000114440918,1.9700000286102295,2.4391999864578247,2.988950003385544,2.3790921842397315,2.027907809084548,False,0.15937570941100845,False,False,False,0.32848,0.12725,263115672,1.877,-14.232889,716225024,-13.906202185489446
TRMD,🐂🤐,36.150001525878906,2.0609920798178596,5.026157608847439,18.306179669726657,47.871461372164845,42.36509182816778,107.99504666359827,96.09486627627744,0.5844982208536907,53.11092062474331,1.12,38.22999954223633,16.819520950317383,30.774022064208985,26.21112910270691,38.49975687653267,30.78218491881645,True,0.2227874034048595,False,False,True,0.37335,0.26677,75583488,0.039,8.80787,3905861888,17.46921299547104
SERV,🐻,4.630000114440918,4.514679319464009,7.424598048950489,-4.928126832812272,-29.09647832037658,-45.142176011451326,-55.3949897553513,-60.66270234180918,0.9754794720958638,49.146755346347774,8.51,17.68000030517578,4.289999961853027,4.805100021362304,8.21612501859665,4.960381994318865,4.126618041920759,False,0.1835069767960811,False,False,False,0.43395,0.05228,82734399,2.378,-2.6495726,403189888,-3.644042915713196
TMC,🐻🤐,3.740000009536743,-3.108805409853593,-7.9950810112889,-21.59329089116067,-14.220185894304235,-19.914347999223992,-39.38411728864676,-46.109510393366605,1.0542163191838159,37.14285033089666,4.19,10.6899995803833,3.450000047683716,4.136800012588501,5.365074996948242,4.669795522685726,3.4717044973414346,True,0.29431702325053727,False,False,False,0.13788,0.46041,240842328,2.104,-16.0,2172813824,-9.591955178985554
MDGL,🐻🧊,509.44000244140625,-1.4699009571626536,-0.6978318493525529,-5.664504786020381,-0.9623072116620229,-2.680185883991338,-12.518463621281454,13.425654768294986,0.9767208783198943,27.143204116391203,10.22,602.8300170898438,412.3500061035156,525.747001953125,511.6154014587402,552.9696127520988,505.6453957928232,False,0.08940779523676554,False,False,False,1.0462999,0.05827,13723389,-0.99,52.359478,11643554816,-3.1016818833277364
HMC,🐂,32.09000015258789,-1.2311526784069478,-0.18662945705529116,0.40676180174984317,17.71826809666969,32.00329435442838,8.853462180730991,4.086929069088276,0.6683023576858388,58.386436823315215,2.52,33.369998931884766,23.489999771118164,31.444799880981446,28.52635003089905,33.22428309965662,31.27771656465002,False,0.06035678103430224,False,False,True,0.041989997,6.0000002e-05,1297243963,0.312,0,41006440448,2.0518504619158895
GNTX,🐻💀🤐,22.1299991607666,-0.9400223383479355,-0.22543347033909528,-1.072872907746487,-9.845891355628005,2.3646445670654472,-3.408449594997899,-19.188986376797622,0.9095513519135716,39.442218360242656,7.26,27.38488006591797,20.480960845947266,23.15479995727539,23.2666965675354,23.09479996514333,21.865199691533917,True,0.05469752148571466,False,True,False,1.02523,0.00472,209674158,0.791,9.823458,4580255744,-4.425867631764141
CAG,🐻🧊,14.130000114440918,-0.21186252326601665,-4.397832410512537,-11.797754614962043,-0.06046403108514926,-6.795630049764551,-13.686910071587466,-20.995542675712702,1.2639533280259618,27.102807903199363,3.89,19.307117462158203,12.437968254089355,15.22389268875122,15.281116166114806,16.112312029760545,13.893688012201123,False,0.1478786918920752,False,False,False,0.90585,0.00651,475067327,-0.033,8.747437,6431921664,-7.185367084980629
TXN,,281.69000244140625,1.2144748347033036,3.326978023134344,7.964431600027089,-5.119706166055814,46.58025334209282,65.09789924672799,60.20008309894502,0.8343030098094792,69.8146981542018,3.61,330.5873718261719,150.79347229003906,270.6152978515625,245.547364654541,282.2186382837139,248.21736940671582,False,0.12820120951080582,False,False,True,0.91664004,0.00279,911019362,1.314,26.312254,255791546368,4.092416311186675
CACI,🐂🤐,608.1400146484375,-1.3400404669803185,-1.3848313758791966,-2.3867987486720414,30.256170383882996,11.817165886748683,14.13825142827948,18.04877054720634,1.0027208554521758,50.67975403298428,3.92,680.0800170898438,440.760009765625,599.8569989013672,561.7315008544922,641.5417514778894,604.8302455924231,True,0.05890938816301929,False,False,True,1.04695,0.010720001,21864400,0.571,16.18459,13461084160,1.3808317252679496
CDNA,🐂🔥🚀,64.0199966430664,-0.8978356729946945,17.878834513435763,27.75892209796015,118.87178339509883,268.7787695404345,239.80889662717186,326.7999776204427,0.6287415691291918,84.23887146164762,5.59,64.5999984741211,14.279999732971191,48.56479995727539,28.067424917221068,64.54293729787369,43.99706247324447,False,0.37858623305610795,False,False,True,1.03362,0.0313,49452226,2.43,50.3876,3362724608,31.82386563804986
SAP,🐂🤐,210.85000610351562,0.7357548912544268,0.10920662409100736,-4.545245739451668,32.485085887378915,25.293708713965263,-11.689366263571554,-20.546924251132666,1.218435657970165,52.59013480525279,2.19,275.6678466796875,146.3800048828125,202.9189990234375,192.31666679382323,217.91488255713261,204.83911524560176,True,0.06185993452216754,False,False,True,0.07748,0.0,14500653521,0.775,21.520872,240628498432,3.908459591387047
TXG,🐂🔥🚀,90.04000091552734,1.7401140288444563,19.06902624332037,44.17934317938551,130.57619122838432,324.11682928393833,452.0539783189066,626.7150800690001,1.20515067001295,79.24916476863649,6.17,90.04000091552734,11.470000267028809,62.19759994506836,33.62355003356934,91.87595190364593,55.113047653849186,False,0.5002130004349997,False,False,True,1.20209,0.0146200005,118193633,2.077,1178.5575,11773110272,44.76442980926726
BKKT,,8.100000381469727,1.250004768371582,-8.059023885697645,5.6062620716889535,-3.8004714005307507,10.054351012653742,-19.32270505731402,-76.28111268067869,0.7662538995961645,48.80597125397785,4.07,45.040000915527344,6.849999904632568,7.87520001411438,9.638450000286102,9.537992171208348,6.923007985194239,False,0.3177187486991181,False,False,True,0.28485,0.39523998,35776586,5.933,8.135417,351992448,2.8545353381812055
RVMD,🐂,204.47999572753906,1.3581789232517119,7.203517793160296,-0.5302386329930681,9.050184906322132,110.26220640363913,156.7231535596417,345.8787461973641,0.8426703729351053,46.56062042822379,5.53,221.14999389648438,45.70000076293945,201.13330047607423,144.02312496185303,215.46343843152664,188.86656187364912,False,0.1315602430579132,False,False,True,1.00983,0.01852,184496502,1.406,-33.843307,43994689536,1.663919024618672
DE,🐂🤐,680.5,-1.3181784105723342,-4.08467909828873,3.907411385506771,8.423752004504482,21.119083375048668,46.9723766497761,51.999257816123944,0.8399037625369586,51.677361976973806,3.9,709.47998046875,435.1921081542969,644.5901989746094,583.3115643310547,706.772310193638,666.3696880973777,True,0.05884696869885937,False,False,True,0.84462,0.00169,269080769,0.911,29.39854,181066940416,5.570950517478331
STEM,🐻,4.670000076293945,2.6373600116201543,22.251313034175432,-18.35663902817249,-41.03535314005695,-47.17194575017272,-68.97009955409231,-76.89262598788584,0.5686047221035935,38.1756809547567,12.2,29.790000915527344,3.819999933242798,5.346199984550476,9.941400021314621,5.923515923413351,3.664484064188884,False,0.4712206637767019,False,False,False,0.25432,0.0225,9271228,1.524,-0.7347475,40913664,-12.648234450836535
MCHP,,78.77999877929688,1.0388579529464903,4.302926059216143,7.256639962572859,-10.639325681575297,23.28086041388387,25.738777659335334,26.101104591166933,0.9122963147543318,63.37505982022629,4.07,102.09573364257812,47.768829345703125,75.8131217956543,77.99619846343994,78.97304028290844,68.67995959502124,False,0.13942257450098375,False,False,True,1.0260199,0.01787,532751257,1.736,16.967197,42229784576,3.913408277315713
TGB,🐂,8.880000114440918,0.9090900224102623,-1.9867582432562019,-1.7699098239742965,26.857144492013113,37.6744244501402,56.89046561549064,111.93317406137906,0.8492477304047622,49.363865307223854,1.45,9.680000305175781,3.75,8.338599996566773,7.356049988269806,9.372781379852492,7.7012186449430375,False,0.19580212398757713,False,False,True,0.53293,0.01511,359281168,2.071,11.278013,3261267712,6.492698032008424
MAR,🔥,361.6199951171875,0.8505975766709771,2.832278721309498,5.811091053392188,-1.6195512142213049,11.006851388863907,17.25490719946882,39.353058141881455,0.8919606775909095,81.21116076429476,4.68,401.7236328125,256.9007873535156,352.2251245117188,347.4149067687988,360.2929985197937,321.3110053864563,False,0.11438311075032674,False,False,True,0.63632,0.18083,225304680,1.104,27.033026,92746752000,2.6672914427931875
CNI,🤐,120.55000305175781,-0.4870367680892039,0.8871078809431334,-2.844609160998045,1.1528523754489812,18.57844817700813,24.055280247558933,29.820716835235462,0.5238761962806173,44.41560757787935,4.05,129.8782501220703,89.36901092529297,124.32433944702149,111.82653514862061,123.59725584557687,117.90526719519461,True,0.04713812989375114,False,False,False,0.74092,0.02695,603242178,0.988,18.73831,71827488768,-3.0358789051696813
GFI,⚡🧊,36.779998779296875,4.548034281528126,-9.897111576998851,-18.88080117195427,11.517850027545036,-17.14763911757455,-11.336300298351762,-7.257864846360179,3.1321738732188757,25.689179278887224,1.42,58.44237518310547,30.556316375732422,40.24769817352295,42.43292501449585,48.850050399848286,36.6274280089652,False,0.28598462702481475,False,False,False,0.21449,0.0,1781187258,0.648,7.1607275,32179181568,-8.61589494950871
CAN,🐂🤐,0.37299999594688416,-0.2673841960680379,-3.367878547972203,2.191777041401875,29.513893056845035,-13.657410585274135,-45.94202938612658,-64.13461445880357,0.39595335166638834,61.08948929029894,2.74,2.049999952316284,0.17000000178813934,0.2988800013065338,0.4617500004172325,0.42785806565199336,0.27664193899716893,True,0.4292863751793142,False,False,True,0.202,0.09300999,588103001,2.73,-2.090909,252507008,24.799248633678996
CNH,🐂🛒🤐,13.0600004196167,-1.5082941614851082,-5.018178766424006,10.397299271708828,19.597072604133462,19.873293788156843,43.01585388625321,24.868007531250505,0.5774197394299864,35.2112775377734,2.08,14.399999618530273,9.131855010986328,11.96099998474121,11.013116364479066,14.331896789524349,12.751103202846258,True,0.11673696319635248,False,False,True,0.78279,0.29947,1233307276,1.239,18.754744,20664840192,9.188198614476185
ORKA,🐻🤐,82.1500015258789,-2.4230916455277742,-8.651171747910146,-11.30425492358291,-11.941257669978517,67.48216677607836,171.03267229742508,341.192254689829,1.4462343062944556,35.210389871183764,9.93,113.08000183105469,18.6200008392334,96.31240020751953,63.119699811935426,99.5687140753099,82.99128577210222,True,0.18161073966984534,False,False,False,1.16537,0.012569999,56890684,-0.206,-29.100807,5514606080,-14.7046472220873
ALNY,🤐,254.07000732421875,-0.505166542547588,3.066817973245773,5.559019796042313,-15.778832494041803,-23.211529883744138,-36.10712656257255,-44.8453249342032,0.5083103477232942,47.042895444821745,4.19,491.2200012207031,205.47999572753906,243.67819854736328,305.4009499359131,268.7724848006599,234.0835134293205,True,0.1379678138212223,False,False,True,1.01687,0.00184,133236415,0.3,19.78434,33016064000,4.2645623772680805
TT,,455.5899963378906,0.7808695302307376,4.232537956713759,2.7603718207488797,-5.760227749474064,9.829479581036356,17.88473399883274,7.850632585473775,1.0969282866501278,58.39703872048885,3.43,502.2725524902344,373.790283203125,454.6666638183594,444.9353594970703,459.1461951181368,418.19144221096474,False,0.09336144071477778,False,False,True,0.90829,0.00266,219418113,1.197,25.662369,99446079488,0.2030790011691108
SQM,🐻🧊,66.08000183105469,1.4119062572740348,-4.342790851883504,-14.764698576852652,-9.263786109370328,-15.850899780893851,-1.0024979008900043,56.53938363746612,1.0564231613746824,29.062507557016943,2.42,92.85328674316406,39.55469512939453,71.52834365844727,74.97632680892944,80.13640209947883,62.528807098519216,False,0.24683796561112378,False,False,False,0.33838,0.0,104334922,1.016,9.237333,18529327104,-7.617038992834487
JCI,🐂,149.4199981689453,0.3559666743700203,2.4126144069329913,8.389983445504539,3.4794972482648427,14.740686624019478,25.858951291616023,38.41131829423308,0.6962648493650616,58.08090788186876,3.14,154.32794189453125,104.64231872558594,145.0558526611328,136.37755912780761,151.29116375125682,135.9962919982549,False,0.10647782523673886,False,False,True,0.92210996,0.0017200001,603803097,1.304,24.478806,90043457536,3.0085966389840584
ONTO,,304.69000244140625,5.524005245717562,7.927457432026475,14.026425726909638,-13.282668731745126,48.57853004300468,93.01279694878349,122.01252568193965,0.7708533984081871,60.21765100215817,2.95,378.45001220703125,121.33999633789062,281.3516000366211,251.2195502471924,304.08818163136647,235.44882245798902,False,0.2544380038927218,False,False,True,1.01522,0.00658,48705209,1.583,26.337496,18815016960,8.295102072192725
APLD,🐻,25.40999984741211,3.5874404245153,-6.683803618877134,0.0,-28.46283918935536,7.034541248503507,3.629687491978168,1.6399993896484375,1.03259505897788,44.23717609696702,3.9,49.650001525878906,20.545000076293945,27.540500030517578,32.15035002708435,29.16870041015103,23.15429973480747,False,0.22989510000118246,False,False,False,0.74156,0.078,250678010,5.728,-50.40227,7290777600,-7.735880542272888
MNST,🐻🤐,41.7400016784668,-0.28666729607044267,-4.94192251534067,-9.102780176732141,-14.247555556844318,15.208396924783289,8.88222949083965,23.80246623034028,1.0790347434362997,41.53848320772235,4.35,49.970001220703125,33.154998779296875,45.78710014343262,42.31672508239746,45.561641194461835,41.83535930907821,True,0.08527253484477866,False,False,False,0.69577,0.283,1812808550,0.515,31.791376,81535729664,-8.838949075804942
WING,🐻,108.62000274658203,6.699410108422836,10.972625454164508,-0.7855321373600387,-37.74040521927804,-29.52763006908817,-54.149091125979396,-58.297682743907906,1.4011203027043069,48.02658272596001,4.19,282.76007080078125,97.83999633789062,115.74263565063477,177.7387045288086,117.89238287891544,95.0336158088287,False,0.21471090623939362,False,False,False,1.25483,0.00745,25522724,1.78,19.701513,2870547200,-6.153854078070386
WPM,🧊,135.38999938964844,-0.16958836146567188,-6.9164646061653485,-10.236691807973761,21.65228982054581,3.63525616467796,15.713858520552277,21.994186627648702,1.2912942803558145,29.288625088065615,2.74,164.99256896972656,93.95575714111328,138.33400283813478,132.407971534729,161.31634801791668,136.56164880825517,False,0.1662069671034295,False,False,False,0.72401,0.00113,453215315,1.274,26.859226,60730269696,-2.1281849639897525
CTVA,🐻🧊,77.87000274658203,0.16723036581544382,-3.17084740167027,-7.791586073937824,-6.588488903914587,-6.563339215134309,16.950545411795385,27.869927829486834,0.733363001264419,22.47999418944957,4.31,90.31749725341797,60.432193756103516,81.99720565795899,78.33564121246337,90.29251505215339,75.27448476474115,False,0.18141332879162067,False,False,False,0.92135,0.0010800001,665461290,0.577,18.828123,51807772672,-5.033345805213243
INTC,,115.93000030517578,-0.08618329326306637,-5.440455344176242,29.51625241694798,-8.73090586599066,162.70110468893103,214.17342956983654,222.56539993026556,0.8291819886025493,58.216041829305,1.74,140.94000244140625,33.619998931884766,99.84959991455078,79.95524995803834,131.70335411391676,82.67964683212814,False,0.45734696375601824,False,False,True,0.62579,0.13988,4619496960,2.231,58.30521,635548401664,16.104621755506557
CCL,⚡🐻🤐,25.110000610351562,13.414640029718111,15.183493069412268,5.106744461583172,-11.495397447008992,-1.8697186909554082,-16.458713577326606,-10.036990087913814,3.2235940931930984,68.74027786182373,2.51,33.45243453979492,21.790000915527344,25.27635051727295,27.280718755722045,24.326679699273743,21.05232039227899,True,0.14431165518802488,False,False,False,0.71694,0.07107,1247381371,1.0,9.48846,32996734976,-0.658124703594804
PGEN,🐂🔥🚀,8.050000190734863,3.072986552032001,8.198926462673937,16.161621791334817,53.333336966378354,108.01034699699777,92.58374452934859,141.0179759761153,0.9585641695803588,72.89376873506828,10.36,8.050000190734863,3.0999999046325684,6.849199991226197,4.933399996757507,8.238854296065197,6.420145671509877,False,0.24813542923503742,False,False,True,0.72841,0.12637,194599317,1.017,-38.909092,3064781824,17.5319774725061
LUNR,🐻🤐,14.550000190734863,-4.276313333465091,-4.52755636972477,-5.273434140932826,-27.970298805980914,-21.605600164837675,-10.35119777501841,37.1347847459923,0.9320965708929899,47.49679435620609,5.13,45.70000076293945,8.050000190734863,15.263800010681152,20.180700035095214,16.24923585859878,13.477764091810155,True,0.1864615851859952,False,False,False,0.93894994,0.05209,131614245,1.851,-91.870964,2284840704,-4.676422774451924
ALB,🐻🧊,107.62000274658203,0.21417576891779394,-5.155546321659627,-19.99513027561982,-20.64772993841832,-39.69909414212133,-23.27037022209322,28.86700294944019,0.6642876443019929,29.80064533880288,0.02,214.34884643554688,83.51245880126953,123.27370864868163,154.8766794204712,137.11062870171486,99.27705745551171,False,0.32009764858089285,False,False,False,1.01797,0.00217,117607380,1.334,9.36334,12482574336,-12.698332899767928
AGCO,🛒🤐,116.16000366210938,-1.2328857586236288,-4.536486381675007,-1.8172546199399398,-0.024479527681696797,0.8113535601078131,12.20710699164003,11.924576570218772,0.702881534257974,30.044682813378316,2.81,139.70809936523438,98.44999694824219,113.63776901245117,115.83034248352051,130.6227783015458,113.67922136276083,True,0.13870993247756438,False,False,True,0.98095,0.17978,58188663,1.095,15.305808,7999724544,2.2195390419727823
VICR,🔥,290.67999267578125,1.9572032454603365,2.6557384222403693,54.88065005305779,-16.998372471315644,80.54657930172749,165.21897511195405,489.49500016284605,0.5971539801022615,83.24307551092014,2.71,379.7799987792969,48.560001373291016,214.74659942626954,213.37350006103514,306.92709200883337,130.96890713667443,False,0.8036528546299417,False,False,True,0.71241,0.2524,25694360,2.36,48.615845,13322079232,35.35953232897756
AR,🐻🧊,33.56999969482422,-2.2422843749045356,-5.834506990258558,-12.75987501513041,-3.8384421611139743,-20.900092410235292,-2.5827028824544067,-4.030874402126895,0.8476888719742067,25.593684985366934,4.05,45.150001525878906,30.030000686645508,36.655999984741214,36.34050000190735,41.54948202633133,32.48951791263352,False,0.24473491325292163,False,False,False,0.91656995,0.04407,296192881,0.348,7.6889243,10265388032,-8.418813539943267
VALE,🐻🧊,13.300000190734863,-2.133921696813254,-3.762659302258179,-11.862159998361879,-8.191554002234307,-14.019750216937963,4.984332590958484,31.17870786810136,0.9071532117380159,14.33332082959545,1.56,17.325687408447266,9.926461219787598,14.459131870269776,14.949311575889588,16.081130172704352,13.023869751001701,False,0.21008489467216998,False,False,False,0.20745,3.0000001e-05,3964157917,0.748,6.9008107,57069776896,-8.016606321422847
VSAT,🐻🤐,69.08999633789062,-3.572931100446168,-6.229647052488847,2.7055147698031115,-16.779090422113594,50.851522901302204,100.49332029443354,135.64119050822126,0.8730263952601077,41.298548587363705,7.09,89.80999755859375,29.31999969482422,75.28879974365235,60.33660003662109,78.35356753157892,67.34343030167302,True,0.15113746190579483,False,False,False,1.07083,0.04816,135518656,1.702,422.27155,9695253504,-8.233367282873106
CF,🧊,115.70999908447266,0.1731425370474105,-4.086538735177416,-11.012843058723632,7.531601853024353,-10.057750094737909,51.80303843475228,36.647822977743736,0.8988895258721362,19.598251368745693,3.64,139.27000427246094,74.99181365966797,124.84133407592773,111.15949199676514,145.5879015270259,111.98910118903854,False,0.26088354149399295,False,False,False,1.0887899,0.00452,150281790,0.399,10.4238205,17434150912,-7.314352300898559
FSM,🐂🛒🤐,11.350000381469727,1.2488879825721761,-2.6586575471627123,-6.043042606347713,35.92814207119778,14.300101033771403,15.698266014072187,27.6715404178209,0.8481920593062672,35.91954495478815,3.68,13.65999984741211,7.840000152587891,10.91940004348755,10.27755003452301,12.621072232473036,11.13092781330333,True,0.1254752792436683,False,False,True,0.77272004,0.00617,292811360,2.21,6.5500402,3326560768,3.9434431952970916
CLS,🐂,366.4700012207031,2.787984875168785,1.279572443530799,22.40147250884974,1.3411885871919,30.101537471465612,23.9707788574423,45.6037179331419,1.0470741030639037,61.36347715116952,1.77,472.3999938964844,233.6699981689453,327.95899780273436,329.89364875793456,384.6716768332535,282.4793180397934,False,0.3063545121832771,False,False,True,0.67519,0.00988,114054181,1.464,18.501862,45580341248,11.742627485748367
APP,🐻,305.6600036621094,-0.8370057922412639,-3.0420289731611816,-2.0508857099771927,-45.86351435641263,-23.201004104997644,-54.63773703070879,-56.58793733704548,0.7810065506207173,50.29417828931008,2.36,733.5999755859375,298.5899963378906,338.71539978027346,462.3304252624512,335.7284322842289,299.63556307709916,False,0.11361320273303788,False,False,False,0.76128995,0.14314,253431202,2.488,13.842663,97566908416,-9.759047312170424
CZR,🐻🤐,29.6200008392334,0.10138792325380913,0.03377314649004056,-0.2693600055589257,-2.5978264128335398,12.069619739780782,26.635321129346128,14.142581766453215,0.7793476202656957,40.0003051711247,7.35,30.40999984741211,18.139999389648438,29.743400039672853,27.06900001525879,29.71052447587501,29.587475859818348,True,0.004150177589803051,False,False,False,0.97871,0.0078799995,181889697,1.751,40.99097,6042080768,-0.41487926825736116
STNE,🐻,9.279999732971191,0.10786704114070553,-2.2128560928535124,-4.329897778892473,-15.559600307189003,-20.44421250947766,-24.04815941699918,-38.244767205679295,0.8790606148585438,39.694656766410574,2.2,16.01840591430664,9.119999885559082,10.10980001449585,11.442801713943481,10.496041642283116,9.040958346272793,False,0.14895667675310018,False,False,False,0.80824,0.0328,203320781,1.616,4.079484,2153763328,-8.207880277897251
ETSY,🐻,69.27999877929688,0.522345647005219,-5.997284059657934,-14.816184409769301,-4.874369027194082,38.615445005658316,24.9639258575311,-1.7165542930092383,0.817213916613152,43.92878518471094,3.53,87.02999877929688,44.04999923706055,78.90140029907226,65.39615016937256,81.92759760050197,65.58940221639256,False,0.2215093230527898,False,False,False,1.26392,0.01344,79514200,1.813,10.372761,6561476608,-12.194208826847044
EME,🐻🤐,762.030029296875,-0.45589797070389115,1.360739780528356,3.7424853774953983,-5.210092914623183,3.3174867562690085,24.75827964656667,16.585507244211485,1.1968789187682876,52.5948952919756,2.75,943.2627563476562,580.6438598632812,771.4050024414063,770.1129742431641,778.3938676345998,724.925144816572,True,0.0711342334862734,False,False,False,0.96099,0.00708,43771578,1.13,20.530905,33280477184,-1.2153114271829444
STLA,🐻🧊,4.429999828338623,-4.112555452963316,-4.112555452963316,-19.307832185276173,-23.752153666643878,-37.51763423133852,-59.32048036109664,-54.04564657088308,1.806073685833205,24.70588268293224,7.07,12.119999885559082,4.429999828338623,5.321800022125244,7.345350008010865,5.746399776743927,4.310600192738495,False,0.28553238308885553,False,False,False,0.47839,0.25303,2444536165,0.985,3.5118809,16425532416,-16.75749163965172
PLTR,🐂🔥,186.97000122070312,-0.27202609262755817,-2.513161392231089,0.31655559739983297,48.707544920615284,27.816518171290234,5.1870611649525316,1.0921894056728376,0.5667579181448695,73.24094822502653,2.08,207.17999267578125,107.2699966430664,166.07119903564453,152.04712467193605,195.3669718812312,161.61602677599538,False,0.1890899299529013,False,False,True,0.64755,0.03477,2109957437,1.621,80.521225,449492090880,12.584242364970827
RIOT,,21.389999389648438,-1.0638364507719247,-13.365739461435522,12.6085730171081,-10.726209486751252,73.05825229609057,68.82398785198072,12.995240595955252,0.7364950221189189,47.208536530747935,3.2,28.690000534057617,11.829999923706055,21.106899948120116,19.264600024223327,25.556577277774526,18.046922897701545,False,0.344451906376848,False,False,True,0.87505996,0.06843,349140913,3.832,-21.548727,7561467392,1.341264904956048
LEU,🐻🧊,138.17999267578125,-1.560164221404961,-8.677552768929228,-19.381564996301034,-16.92918376943285,-20.398643014649455,-43.07958650415515,-58.26764555920416,0.7491528769286443,25.989583289274776,8.04,436.0,138.17999267578125,171.01059936523438,202.1557502746582,185.54077806385087,127.33322248546554,False,0.3720830460580915,False,False,False,0.88763,0.04203,19207818,1.334,36.491158,2853004032,-19.197995218609492
RCL,🐻💀🤐,260.6700134277344,7.452911234089414,13.187151529976829,-2.4264880339399437,-14.391433084705088,-4.215924160709717,-4.996843473664916,-15.863923436247651,1.3372604141315307,51.55052879921271,5.65,342.36553955078125,230.3000030517578,281.54690521240235,284.0733292388916,272.9402836638575,231.36185104073235,True,0.16489493008980008,False,True,False,0.90773004,0.06196,241969249,1.75,13.007931,71104806912,-7.415067045016246
DUOL,🐂,142.6199951171875,6.195079580320821,-2.3016856478217447,-3.8689710633255174,17.658705132184938,44.68904895885507,-18.73504551727208,-53.04227757672425,0.8823176955276675,52.634031037452274,5.46,347.2699890136719,90.02999877929688,141.0928007507324,128.1285001373291,160.9017680740688,134.88723339077495,False,0.17589926977988615,False,False,True,0.99749,0.01498,39972785,0.89,18.64106,6634859520,1.0824041753577311
CMG,🐻🧊,31.8799991607666,0.09418768897198582,-2.53745015878051,-16.1714431131622,-8.914288112095424,-0.40612048604560785,-13.83784010603621,-18.1934868818272,1.0198257205446122,21.997281318187447,3.05,42.36000061035156,28.18000030517578,34.702599906921385,34.92450005531311,39.32641848958548,30.064580922951134,False,0.2669463661006457,False,False,False,0.92885,0.00722,1255307310,0.937,23.29906,40430104576,-8.133686679745917
LYSDY,🐻,9.59000015258789,1.1603440470801267,-3.521121152621957,-11.694286779360063,-21.77814050936164,-29.692082762428058,15.96130135138065,-15.357456159178934,0.1581854122962724,34.65705785770429,0.0,15.579999923706055,8.170000076293945,10.701399955749512,11.840750002861023,11.251544626208553,9.0994553013122,False,0.2114971581308957,False,False,False,0.00049,0.0,893562923,0.7,23.513613,9652360192,-10.385555233495431
PSLV,🐻,19.3700008392334,-2.072799965517298,-6.695565386914762,-7.673969199864504,-0.41131064559384833,-20.74467914908216,-18.097246715993204,21.518201688482215,1.6064498864277135,36.759593980620146,0.0,36.36000061035156,15.319999694824219,20.817199935913084,23.633199996948242,22.532953685665557,19.47504630670505,False,0.14558690628051216,False,False,False,0.0,0.0,0,1.0,0,12238860288,-6.951939267216385
CRCL,🐂🛒🤐,83.69999694824219,-2.447559474151559,-8.744008030661316,-12.401889822124526,35.10895224768795,-12.273353175142617,5.548541900575428,-35.13136655034052,0.49274294728730256,41.450393974785776,1.39,150.47999572753906,50.22999954223633,80.46479995727539,86.0517998123169,102.88273036992739,79.80026905023864,True,0.2527050835923676,False,False,True,0.68060994,0.02221,205949192,1.0,54.8085,22399057920,4.020636343698859
MSFT,🐂🤐,508.9599914550781,-0.051060399238385,1.6720260449507425,0.3291968858102137,32.69441752734849,38.050765621474255,5.907309138118171,-1.262722393603272,1.000324820352784,60.49981747946921,3.21,537.6464233398438,352.1670227050781,479.87536865234375,430.8783906555176,513.7455338178071,486.0714614214508,True,0.055358275620697624,False,False,True,0.75801,0.00092,7414407173,1.108,21.692709,3808562511872,6.060870113924386
IOT,,37.970001220703125,0.10545983444636403,-2.8403289619846106,-7.050177138298983,11.088358343149093,19.816978797132922,7.108604805442373,-0.4196166874642529,0.7016187921416688,47.249189839819756,3.9,45.220001220703125,24.25,38.726400184631345,33.663899984359745,42.05491966684443,36.32108092824835,False,0.14631618595131735,False,False,False,1.07666,0.03768,366729406,1.344,40.157978,22329126912,-1.9531868707703908
TOL,🐻💀🤐,135.8800048828125,-0.4614970693533284,0.4509503889146768,-5.2770946158758,-13.50402717197358,-0.07213183922724221,1.037958480072334,-2.186940570075089,1.065485344412055,52.01750345121236,4.03,165.52120971679688,123.92229461669922,143.89819946289063,144.11619998931886,141.97522391500078,130.59777565775315,True,0.08348184358011454,False,True,False,0.96228,0.0074199997,91384023,1.332,9.747125,12416807936,-5.572129887661251
NOW,🐂🤐,129.94000244140625,-1.1487215990050503,-7.699954845776541,-12.196771661442757,22.8166339256522,24.285029792948965,-15.17723064786353,-28.79453337215356,0.73613543320427,48.35812726681733,1.72,189.25799560546875,83.0,126.85559982299804,116.23041000366212,146.19700561234984,128.17799286177123,True,0.13134587955015994,False,False,True,0.84846,0.0017499999,1031298022,0.972,26.772497,138547838976,2.431428035271506
RIG,,5.210000038146973,-1.325760774239018,-4.7531949180489494,-10.327020835486008,6.981522804468366,-21.417798669430166,26.150118493453245,61.30030982604892,0.903177741738528,36.97916718406808,6.89,7.579999923706055,3.0799999237060547,5.565199975967407,5.662349990606308,6.1642171496332905,5.121782768350719,False,0.18473053142973606,False,False,False,0.95109004,0.092530005,923615155,1.339,18.378225,5852451840,-6.3825188556443475
CIFR,🐻,16.510000228881836,-1.3739518839967408,-10.02724857949304,6.5161305089150705,-27.714535382736553,28.28283120194161,11.856368379830124,31.031743881233343,0.8441463297196594,48.090110912032,2.13,29.18000030517578,12.015000343322754,18.108299922943115,18.33830002784729,19.670246885928314,14.45425319799502,False,0.3057037421855532,False,False,False,0.9493,0.0354,343105898,3.167,120.05918,6567861248,-8.826337651036152
IBUY,🐻,66.76699829101562,0.5451389479305446,0.6027115062844477,-7.703895948299828,-4.802172585199073,6.799858483491225,-10.304013506336117,-12.335553105540722,1.5856150388230486,42.99077134771992,0.0,77.12999725341797,60.36600112915039,71.02713973999023,69.10950992584229,72.3293237461083,64.7520742641456,False,0.11055109725968662,False,False,False,0.0,0.0,0,1.0,0,0,-5.997906524984323
IOVA,⚡🐂🔥🚀,14.449999809265137,31.48316751780004,41.805695822429016,76.86658108110947,263.97984143903443,311.6809073654156,429.3040186193556,553.8461339295308,5.599295412192106,89.39789090742958,6.01,14.449999809265137,1.809999942779541,7.721800003051758,4.548800001144409,12.681059692757664,6.846940280539457,False,0.5975132548336614,False,False,True,0.70676005,0.0035299999,394311632,0.833,-56.727272,6713036288,87.1325313211208
EXK,🧊,8.739999771118164,-2.455360112635748,-5.615555560590553,-18.3940267041274,4.796158407816745,-6.122455669255519,-7.021275257405839,12.774190595073085,1.3262888862459739,25.8517130584153,2.13,14.119999885559082,7.070000171661377,9.737200050354003,9.95210001707077,11.736766368098769,8.49923378830382,False,0.3199775207325847,False,False,False,0.59309,0.00164,295552190,2.454,6.964286,2540919552,-10.241139897290958
A,🐂🔥🚀,175.02999877929688,-0.10273838689149802,5.873452107968573,13.981506617640338,31.21673257379133,53.85738774978611,29.40468007534527,27.06085985990122,0.8120001107021283,89.69587228380239,2.14,175.2100067138672,109.77787780761719,150.51740020751953,132.11631969451904,178.56626661071067,135.2107322906565,False,0.27634615967298853,False,False,True,0.95443,0.00195,280964657,1.241,25.499754,48585531392,16.28555804045355
CRM,🐂🛒🤐,225.30999755859375,-0.8624132868486456,-5.164577901294171,-12.360649315962844,38.275067250985,21.52723218055464,-14.36529978231055,-3.593263895191192,1.0069525599891747,34.926223897678625,1.97,264.4169921875,149.85635375976562,215.53755096435546,200.01453521728516,267.2068464637419,222.422468721805,True,0.18293176635049188,False,False,True,0.87421995,0.02977,797536380,1.202,14.342083,188936110080,4.533987952685984
ZETA,🐂🛒🤐,28.959999084472656,-0.10348632936312252,-2.786175916570947,-6.490152642706418,38.963526259266516,81.90954111612243,42.30957514302068,44.5831157848187,0.5736511312636567,36.22640871161507,2.76,32.68000030517578,14.550000190734863,27.72319995880127,21.06049998283386,32.26683549965306,28.68516473685817,True,0.11752430597509463,False,False,True,0.87428004,0.01853,222124449,1.436,26.117674,7869062656,4.461242307920301
KGC,🧊,24.31999969482422,0.8710040612047671,-11.94786764713499,-20.730119123494976,3.760451371997639,-20.096130165508068,-13.2938727148891,-4.061126713404575,0.8440727786944406,23.497744024435974,2.05,37.919620513916016,22.381240844726562,27.58862937927246,29.469095830917357,32.52987438495387,23.79112590496312,False,0.3103193634703688,False,False,False,0.68737,0.00182,1179604728,1.477,8.710341,28564676608,-11.847742196660151
AUR,🐻🧊,5.389999866485596,1.890357379086625,-14.715194302460063,-4.2628817598017985,-23.762379977156332,30.825243111728273,40.36458299378864,3.4548911136408194,1.0001089897764064,25.112104842591364,6.32,8.399999618530273,3.7699999809265137,6.3008999919891355,5.518874999284744,6.976699341223004,5.41030069501662,False,0.2529100898722371,False,False,False,0.85164,0.109160006,1522416466,2.634,-12.311111,11103020032,-14.456666931099427
BLDR,🐻🤐,57.529998779296875,-0.8274427790461651,-2.7552418396203513,-13.358437564380196,-32.13400842572473,-30.12268006825588,-44.0859178534655,-54.60785880623511,0.45293831166734055,36.97704899803654,4.06,129.5399932861328,57.529998779296875,66.68680061340332,86.33815042495728,64.97349416387969,55.68550585137909,True,0.15395433927557867,False,False,False,1.01864,0.02712,104451413,1.412,12.893989,6134073856,-13.731055845954062
WYNN,🐻🧊,78.2300033569336,-2.844005690020113,-3.9533378906751278,-14.296664764332947,-18.404415335104275,-22.572601756632224,-34.51424367280506,-40.193495486936754,1.0008700315302987,15.237563121490311,5.43,132.12893676757812,78.2300033569336,93.72716659545898,103.39427959442139,94.89682010663233,76.55018001543797,False,0.21402112697371836,False,False,False,0.7395,0.27445,80172616,0.991,15.416297,8179215872,-16.534334496009627
RKLB,,69.69999694824219,-3.4492386881204236,-0.8675873012841604,9.042551540786825,-30.348758708103418,8.533160422570083,-0.08601660858768384,45.29913523988139,0.9870683797841705,61.84350508230829,2.61,150.22999572753906,39.47999954223633,69.65639999389649,81.24580013275147,74.86735194667823,58.27064816013329,False,0.24931580425167923,False,False,True,0.61902,0.00795,556860860,2.612,1529.4119,44554158080,0.06258858389110274
VYM,🐻🧊,156.47000122070312,-0.17862761039673047,-0.7547903169890924,-3.9854794959209072,-0.5693997590064948,6.896870928593008,10.956550605983749,13.623795358744697,0.7937731196054254,25.76829917357898,0.0,166.10748291015625,134.18511962890625,162.05944396972657,153.8099929046631,164.90797767898758,155.42535361984054,False,0.05920472915321461,False,False,False,0.0,0.0,0,1.0,0,0,-3.4490077295758095
LUV,🐻🔥💀,42.08000183105469,-0.4730296925649852,2.534115234714488,9.725145524065681,-16.23321553911661,13.020256213618245,3.182024603316766,32.685874909959665,0.6734835227435728,72.91106714897064,4.76,54.07379150390625,29.149768829345703,42.393282165527346,43.13732421875,43.23393641951854,36.99749744888966,False,0.15546123682290394,False,True,False,0.93827003,0.01018,484125328,1.12,8.907943,20370628608,-0.7389857979135341
ZM,🐻🧊,88.3550033569336,1.2084768250813234,-3.8574516975900663,-8.610878074021382,-1.9693708538497292,9.907953760117561,2.3930958622051257,8.704484109119868,0.8117431934812468,26.787327654104175,2.14,111.87999725341797,72.72000122070312,96.86510009765625,91.06489994049072,100.46017211621478,86.00432907397078,False,0.15505195841539485,False,False,False,0.79099,0.00228,258879262,1.04,14.31261,26485207040,-8.7855138043971
HIMX,,14.100000381469727,1.0028677861045143,-1.260499683945113,2.769680080503457,-0.9831417970412254,82.3146686396461,75.19126875762133,66.06670424200736,0.7234765972269157,51.25209183487453,5.1,23.77161407470703,6.8101396560668945,13.8003999710083,12.125847308635711,14.880893800353546,12.970106222534637,False,0.13721500673215375,False,False,True,0.24324,0.31068,123535470,2.389,10.823077,2454172672,2.1709545454539225
AG,,18.079999923706055,0.724229277109586,-5.091860116547517,-12.190384702675013,6.18809884737214,-15.685145743375491,8.736422611596156,47.76092356588363,1.4931818082612738,32.58426677336389,2.46,31.955509185791016,10.649096488952637,18.90011163711548,20.12317026615143,21.78640392750731,17.47759582072267,False,0.21947881695261473,False,False,False,0.52954,0.01089,487637214,2.186,17.38575,8719513600,-4.339189784460921
AMAT,,512.010009765625,5.187361223893038,7.932460157571007,11.697461420120895,-21.255234500850783,50.149119543623044,99.94348803256004,136.44805291123478,1.127716064741472,63.89389972541642,2.2,722.2277221679688,208.79515075683594,488.8681970214844,422.99319465637205,507.6384346491473,403.8515677922589,False,0.22773012666929435,False,False,True,0.86297995,0.0033000002,790486541,1.597,27.702793,405829877760,4.733752959414458
FLR,🐻,49.83000183105469,1.2393348135371063,-6.087447151598122,-8.585574453466394,-1.032763969861239,6.816720688447756,25.738078445690427,16.26225179992118,1.2446921386849579,30.0319556959017,4.5,57.5,39.630001068115234,52.751999893188476,48.731099948883056,58.61186555331751,49.18813520962194,False,0.174837296419303,False,False,False,1.00328,0.02387,131551726,1.262,14.224261,6403522048,-5.539122816291723
PPL,🐻🧊,32.58000183105469,1.4637222415735702,1.0232614916424418,-3.7474760998659784,-7.773754975949577,-13.311574914041389,-4.731068753261374,-8.076410009908477,1.0419832184685016,26.8861817972507,4.66,39.166866302490234,31.969999313354492,34.42005229949951,35.58660109519958,35.38866259010747,31.578050933757268,False,0.11380614206167448,False,False,False,0.92407995,0.00171,750354936,0.583,15.529973,24751198208,-5.34586772975815
AN,🐻🧊💀,156.8000030517578,-2.8259776532878975,-4.998485215061095,-22.08695500533773,-14.93516980731609,-19.69681068168404,-24.060438639942898,-29.859091518126966,1.0335772050851677,10.93377470932846,6.54,229.97999572753906,156.8000030517578,199.3243994140625,199.38669975280763,229.4847177995354,146.31727957595288,False,0.44261307180059767,False,True,False,1.01263,0.01525,32602253,0.717,6.366279,5205093376,-21.334265392149756
XYL,🐻🧊🤐,100.93000030517578,0.019816313884363453,-7.096832775946507,-8.337117658968353,-13.606117182787255,-14.885907483351918,-25.057875923853608,-30.791976929502813,0.8049885175951237,22.295611174076924,4.77,150.8356170654297,100.91000366210938,112.87962158203125,120.74701683044434,111.1383692317443,101.40662970014047,True,0.09157345108574029,False,False,False,0.97574997,0.0033500001,232882081,1.0,16.214848,23645208576,-10.586163480510523
APTV,🐻,43.369998931884766,-0.618699499404019,-3.984944232957837,-3.1054500486425054,-28.052422345469317,-37.54320649904852,-43.00170716358971,-50.2066593666236,0.5282028084805098,44.111568945188125,1.59,88.66999816894531,43.34000015258789,48.50639976501465,63.8443998336792,47.094704334101706,42.270295055546725,False,0.10797089042701465,False,False,False,1.06261,0.00841,205044143,1.33,6.5719323,8932385792,-10.589119905853174
SAIC,🐂,128.2100067138672,-2.0774353578782345,-3.572502828028659,-0.007794811059730149,21.956321186427886,36.04097758013508,28.705821460189007,28.59045480704976,0.8011004233142502,54.49665877443792,4.51,133.74000549316406,81.6341552734375,125.9697998046875,106.79591205596924,135.81590573272143,124.6850929550227,False,0.08545696817877428,False,False,True,0.90492994,0.0076599997,41460224,0.297,11.107289,5344462336,1.778368237984871
FCX,🐂🛒🤐,70.79000091552734,-1.6259007557405205,-2.4662453435781795,-6.535512394845252,17.234134277279217,20.9902683843729,40.372667518612424,83.04170100043183,0.923065492708905,33.20986584507804,2.34,79.91000366210938,38.37607955932617,70.13040023803711,63.09384777069092,76.15642707063398,68.18357308195391,True,0.11047324345644495,False,False,True,0.89422,0.00716,1426353125,1.401,16.838459,100521230336,0.9405345973378316
DELL,🐂,539.5900268554688,-0.7066164680026197,-1.86239199681631,18.328548781813208,27.097392939016952,230.31986948083212,332.5753499158949,265.0895689747645,0.5028040947129783,50.73485049693118,1.5,588.4000244140625,110.54472351074219,481.8178015136719,286.39898326873777,608.5379488221087,466.89206216421945,False,0.2634218595554703,False,False,True,0.78022003,0.07696,292168675,1.409,18.475378,342035464192,11.990471327605675
APD,🐻,279.19000244140625,0.15784840947309417,-2.7110843454725524,-9.781551686647006,-8.880545690960712,-2.6865889464024613,15.273695547468272,5.972870197945804,0.8982739811753165,30.229118861518202,4.14,314.19000244140625,226.25491333007812,296.9367987060547,283.2674819946289,308.7724876592533,272.4115058710202,False,0.1251272650073046,False,False,False,0.93072,0.01894,222367090,0.754,19.272198,61957799936,-5.976624097108433
KDP,🛒,31.030000686645508,-1.3668099502246258,-1.590059666631945,-1.8989398482317046,-6.33803052054792,19.550413655062925,14.31120932552927,25.07253191227317,1.0227421788295474,43.39469404857052,8.75,33.25884246826172,24.51886558532715,31.00524486541748,28.963769340515135,32.68201644355333,30.296639562306044,False,0.0757519144589353,False,False,True,1.09486,0.049879998,1354389331,0.414,11.969954,41287458816,0.07984397909283676
ULTA,🐂🤐,547.8900146484375,-0.22580995817914215,0.750265186032028,2.008944247433421,20.473639148393286,4.817201051694864,-9.441165302259252,-1.4657153623773198,0.7573065802765876,53.07685983152576,3.51,706.8200073242188,450.75,531.0227954101563,556.4628985595704,562.5141259282539,532.1718726069023,True,0.05543553742708643,False,False,True,1.0411,0.0025,42618082,0.854,17.021418,23352848384,3.176364439355784
DHI,🐻🤐,139.39999389648438,-0.014348208810544433,-0.5493360080756083,-3.5694547241659285,-10.979605359317905,2.1997451415867024,-2.3547281340680186,-18.189976153826933,1.1061500318142923,50.84624040898231,4.93,172.87498474121094,131.7375946044922,144.43573150634765,148.15749717712401,144.4417960587447,135.77920461264202,True,0.06182685398558864,False,False,False,0.87904,0.10398,250595553,1.371,11.749976,38221176832,-3.486490190027504
AAL,🐻🤐,13.609999656677246,0.6656745256387431,1.947560058263427,1.3402780894360442,-25.01377442023694,26.722532092384583,-11.219832195622056,20.763079892349047,0.8440923561826393,61.67248729817472,1.42,18.149999618530273,10.180000305175781,14.10660005569458,13.87630003452301,13.817590808309843,12.504409218393038,True,0.099778253064708,False,False,False,0.78603995,0.015140001,652980399,1.327,7.0822806,8850537472,-3.5203408125040387
ASTS,🐻🤐,59.400001525878906,-2.6229483182313014,-0.9669856965387315,0.5076193900227913,-31.010449966810803,-28.32146789288135,-18.215608189240925,4.320342392871085,1.6716932312522483,44.0031820462539,7.02,133.08999633789062,50.70000076293945,62.897999877929685,81.36682489395142,65.37719174917535,56.52780893747015,True,0.14518490237250192,False,False,False,0.54585,0.07966,266491707,2.726,-45.65693,22906398720,-5.561382490444173
OPEN,🐻🧊,2.369999885559082,-2.46914319134935,-8.139536602982412,-25.937504679895866,-52.02429437030034,-49.35897494679139,-59.34820040181915,-70.59553644946597,0.8635161321173135,21.621619880069034,6.92,9.369999885559082,2.369999885559082,3.302199993133545,4.702150015830994,3.2475464400741614,2.2664535227325406,False,0.35585524989457235,False,False,False,0.57999,0.04897,953465747,3.56,-112.42883,2301485824,-28.229668388130353
GIS,🐻🧊,33.81999969482422,0.6547655675418294,-5.583472967725871,-17.912623620030978,-8.90807665328875,-6.001770184728573,-23.70128514956922,-29.143560912276524,0.8952750548888111,24.651192224415098,5.08,47.94683837890625,31.62261390686035,37.467399978637694,38.194744997024536,40.675554413799034,32.446445708271284,False,0.2250788734386375,False,False,False,0.91138,0.00281,532698108,-0.025,10.198774,17195538432,-9.734863603807755
KR,🐂,60.790000915527344,1.842858626446928,5.464957597561347,5.648244609469545,8.831968175952323,-14.96747835945964,-1.0273490419845193,-6.528431703204047,1.293548153677647,65.61379535088788,4.44,74.69134521484375,55.15158462524414,57.910962677001955,62.94337779998779,62.16332583922931,55.97867397766522,False,0.10469861473734213,False,False,True,0.85486,0.06931,587889710,0.406,10.638394,34620305408,4.971490898162421
PWR,🤐,651.7899780273438,1.1530810175506863,2.66025405005594,7.3629855860763165,-5.728962248777311,18.760256334405547,54.52485705376283,55.04282072715565,0.882791355635964,58.482039827841426,3.02,785.1200561523438,411.9586486816406,642.1280041503907,602.3422746276856,658.9380004545997,602.9419983246971,True,0.08875012233187199,False,False,True,0.94068,0.0066799996,148973765,1.2,32.492767,96597131264,1.5046803463644276
AGX,🐻🤐,378.3900146484375,6.525723867846452,1.065710688301,-10.96495838884073,-50.46820986635895,-30.412531518717266,21.1175797669467,35.96880820566582,0.9272683471671668,41.60181991228631,3.31,797.8958129882812,254.9332733154297,483.1116784667969,515.2118173217773,433.3826011525477,349.2653938425695,True,0.21495540229551854,False,False,False,1.12396,0.04109,13777726,0.569,23.46453,5302579200,-21.67649189328315
TER,,403.0199890136719,0.428607344386583,3.5668329759852693,15.248785935942658,-5.654793287468656,36.047720177335854,108.46028221198227,186.13989983924054,1.0331675759185053,55.707113328103816,3.2,483.6542053222656,131.82464599609375,371.8665423583984,331.49575111389163,418.70631830834907,317.847685597901,False,0.27386622617093415,False,False,True,1.0072399,0.00198,156028069,1.778,34.405582,62678573056,8.377587953381488
EC,,16.520000457763672,-1.0778460895357378,-1.0185744209357162,-0.899817743513899,14.325264192538464,15.680300277025403,73.05864101049403,88.27879843559639,0.8739880323829637,33.7469076583111,4.84,18.260000228881836,8.202611923217773,17.018800067901612,13.997155055999755,18.388757985449296,16.198242289208906,False,0.12666699504700174,False,False,False,0.01447,4.0000003e-05,473170922,-0.05,8.9160595,33880156160,-2.9308741400558755
EA,🚀,209.6999969482422,0.0,0.0,0.0,0.0,0.0,-0.10004607222304364,0.0,0.0,,4.0,209.6999969482422,209.6999969482422,0.0,0.0,999999.0,0.0,False,1.0,False,False,True,0.93203,0.00196,213719135,0.642,21.720531,52925640704,0.0
GTLB,🐂🤐,46.709999084472656,1.0820169009005856,-4.692918416302029,0.36527323936642914,48.14461803756515,115.85027912161834,24.4604332634294,5.894351480718266,0.7000695836232651,51.64074889330899,2.52,51.040000915527344,19.420000076293945,42.4021000289917,32.17652496337891,51.17399202641557,45.24750837031295,True,0.12292867527922638,False,False,True,0.90072,0.03499,135562420,0.992,45.504887,7872559104,10.159636085324804
AAPL,🐂,329.3999938964844,-2.6595745160542394,-2.2609920377388595,3.9608608335859206,11.992686812897206,30.02397433871204,21.495113869389066,29.425247924750042,0.9031567532549837,63.981708864063165,3.03,341.07000732421875,244.36732482910156,321.90358276367186,287.9546488189697,346.26885174916015,315.64814654185545,False,0.09252128374513242,False,False,True,0.66344,0.01648,14569078010,1.085,34.7426,4860153954304,2.328775302360043
KBH,🐻🤐,47.41999816894531,-0.9607412049041326,0.5726333707926075,-11.031897096213752,-21.441894949553166,-7.511450517988995,-14.804136186256544,-25.381595764323635,0.7038543316637413,39.11403359595189,8.42,65.74604034423828,44.84902572631836,53.34404235839844,54.96210636138916,52.74256608433011,45.6254343276572,True,0.1447042071987792,False,False,False,1.06526,0.04408,57944224,1.336,12.472556,2825376000,-11.1053529645386
NXT,🐻🤐,79.30999755859375,0.2274741708878377,-3.0558612328639376,-3.315861588662625,-31.717609542240933,-34.209875113365015,-8.954199284933667,4.879654427384299,0.8502256604109432,43.69850827779662,4.34,156.39999389648438,75.62000274658203,90.17320007324219,107.87817508697509,85.68482886488233,77.98417061631885,True,0.0941003888698907,False,False,False,1.09804,0.00641,149089426,1.923,13.505785,11973037056,-12.047041145068512
PCG,🐻🧊🤐,12.180000305175781,1.9246903730686198,-1.853340411477044,-8.214017445268295,-26.493660051301575,-30.47565254048329,-23.768083035577963,-21.528218283754036,0.809417012901815,16.161653137024288,0.0,19.000072479248047,11.949999809265137,15.800600032806397,16.518205518722535,14.904630414296406,11.714369543741924,True,0.23969802589004446,False,False,False,1.04291,0.00204,2082448028,0.245,6.799436,36778995712,-22.914317938010285
ONDS,🐻🤐,7.480000019073486,-2.6041642413474078,1.081080036149411,-2.2860899534742742,-5.555556224519015,-17.25663660799143,-23.36065733954967,2.3255824572456127,0.7683574062151042,56.551733436549505,3.83,14.010000228881836,5.25,8.035099973678589,9.460950016975403,7.828383577250268,7.035616314030861,True,0.10666943878066432,False,False,False,0.57265997,0.01765,533409384,2.736,-366.5,4268278784,-6.90843868058271
PHM,🐻🤐,118.5,-0.528831753498503,-0.17690092333605642,-5.985108125074413,-10.430944372610194,1.1916576601803242,1.7101506350945004,-11.104629726820717,0.7758293248413063,49.62680205956363,6.73,141.6451873779297,109.63675689697266,125.3235855102539,124.32615329742431,124.40786080149256,115.04925818654455,True,0.07816516505751121,False,False,False,0.97793,0.0066799996,185996034,1.201,10.523166,22107844608,-5.444773609430129
PLSE,🐂🛒🤐,50.88999938964844,-2.7331810273638912,-2.096960681390948,1.1126515760391242,79.63289631732249,135.7109728114036,270.6482234984804,180.8498732486893,0.7199465158711367,44.54925979255878,5.23,55.20000076293945,12.65999984741211,45.82020015716553,27.19937500476837,55.83370995547929,49.1832906243547,True,0.12665414731720398,False,False,True,0.15426,0.71048,20649321,1.625,-42.666668,3560424448,11.064550602339683
CLPT,⚡🐻,11.770000457763672,-23.122141507698633,-21.37608384893009,-22.258915516110704,-37.12606362454737,29.34065894910125,-13.961986877218619,-43.71114039381322,4.589683520040891,38.61920765227175,7.67,29.600000381469727,8.65999984741211,14.596000003814698,13.425399990081788,15.81055751521873,12.307442515298849,False,0.24917241596968567,False,False,False,0.52476,0.054770004,26283662,1.268,-10.217573,372456640,-19.361465780436042
WBD,🐂🔥✨🚀,30.850000381469727,-0.16180983067249965,0.29258827021524453,8.131789831712757,15.069007817995256,12.345234559435792,7.043722096256912,59.431523376158815,1.1077307675839958,82.52214023152351,3.43,30.899999618530273,17.100000381469727,27.91980007171631,27.65985001564026,31.734699200506444,26.433301020745997,False,0.18227885296367854,True,False,True,0.7924,0.04141,2385394112,1.571,497.4285,77595885568,10.49506193535321
MRK,🐂🤐,149.27999877929688,0.396796239291961,0.8103707005698655,1.6250511334326534,19.774396153689118,25.730321620586373,44.747495640507346,70.49089079585421,0.8323073309581822,57.78789365607225,3.14,155.53192138671875,80.1368637084961,140.66642776489257,120.74140674591064,152.6366710874289,142.5397235658914,True,0.06841297410245972,False,False,True,0.8307,0.00056,2463026790,0.226,15.242776,358504693760,6.1234021161046845
NOK,,10.359999656677246,2.3715392671163573,-2.5399854643169255,2.1696184014368693,-19.752131842557898,28.85571773422639,60.12364749041774,114.93774455834344,0.6432731599204218,45.535708393674156,0.77,16.850000381469727,4.820000171661377,10.062000026702881,9.95414999961853,11.222839168159052,9.510160919578986,False,0.16521277589662306,False,False,True,0.1579,0.02973,4445435784,0.767,20.97555,56770260992,2.9616341600429674
TSCO,🐻,31.510000228881836,-1.746178582074515,-2.4156106055433018,-9.713470340347493,-1.6500625927073365,-29.392300693480895,-35.75610011808675,-42.29503163408482,0.7988269451341375,32.5385970013742,4.73,55.044769287109375,28.940067291259766,33.31296051025391,39.710506067276,35.59864204662862,30.84135810595927,False,0.14320541630775568,False,False,False,0.96779996,0.00347,519414492,0.469,15.277202,16303345664,-5.412188690996443
NMG,⚡🐻🧊,1.1699999570846558,-6.400003433227538,-13.333338042836045,-20.408167733792524,-23.52941313966888,-47.76785928109774,-52.822582738456546,-56.826570457000024,2.052553435862958,20.588220857002824,6.51,5.070000171661377,1.1699999570846558,1.3780000042915344,1.9628500026464462,1.4722047475727025,1.238795253857809,False,0.1721943884852308,False,False,False,0.26615,0.43240002,192049844,0.96,-10.987703,394988224,-15.094343001386044
KVYO,🐻,15.25,-0.9740235210771319,-9.118001335143989,-25.898930726265164,-6.784844553423946,-21.634117587558677,-53.03357121441535,-41.368704860424394,1.078288747584369,41.878980601543496,3.48,33.2599983215332,12.859999656677246,17.61620008468628,19.40675003051758,20.01253255243858,13.777467314047016,False,0.36904795874685836,False,False,False,1.01255,0.020299999,125422436,0.569,14.8723135,4707671040,-13.431955094238582
LEGN,🐻,18.81999969482422,1.074107661528196,2.00541418203073,-9.432150755802933,-37.03579766099963,4.035376097727102,-13.431463233836821,-42.3759957662233,0.8963727864781366,41.05089648571587,7.43,36.279998779296875,16.649999618530273,20.101000061035155,22.45330002784729,22.106822582770945,16.307177546928763,False,0.3019547569251034,False,False,False,0.56803,0.01829,90614351,0.402,18.942858,3868374528,-6.372819075276234
FCEL,🐻🤐,16.899999618530273,4.708799613519628,-1.6298060632813411,-1.9152636823762976,-47.00533100663511,158.80549885964362,131.19014707001827,93.5853436963763,0.9655965497918142,52.14007652151196,3.23,36.0099983215332,6.0,18.87260000228882,14.190899996757507,18.717909226265203,14.050090518150082,True,0.28490104641865827,False,False,False,0.57132,0.0481,76119593,2.355,-16.92016,1312847872,-10.452191979479855
LMT,🐻🤐,512.2100219726562,-1.1368372690271011,-2.3766811918118336,-8.169878604833725,-1.2344910398951718,-14.169313745123215,7.818546249094076,5.299652112910129,1.0381309789073363,39.80695043442755,2.26,668.166015625,431.37786865234375,555.4223797607422,556.4047734069824,544.6228923060362,513.0521260045107,True,0.05969842485635021,False,False,False,0.76662004,0.0011100001,197395331,0.104,15.547657,117530189824,-7.7800894171207835
IAG,🐂🛒✨🤐,18.639999389648438,-0.214137659924237,-6.28456530094491,-8.850862130876754,18.199104937069592,-0.9564309675588573,13.03820284034173,42.835242277485314,1.25869231785951,34.627829617709565,1.73,24.56999969482422,10.960000038146973,18.539200057983397,18.24755000591278,21.183129306099655,18.678870968558545,True,0.1256463960807889,True,False,True,0.75284,0.00131,569658150,2.341,7.71345,10512109568,0.5437091748823011
CVS,🐻🧊,87.0999984741211,-0.8537279601899315,1.4442090087989505,-7.251629136860495,-16.38275618850769,23.09727301389177,12.318364203482464,16.90457278020371,0.9184670000764072,27.277702637628607,2.77,109.91949462890625,69.04280853271484,96.24008972167968,86.81321117401123,100.79986685804623,83.27313195176824,False,0.19043243734391205,False,False,False,0.90813005,0.00063,1276463587,0.58,10.047264,109594976256,-9.49717656539095
AMCR,🐻,42.459999084472656,-0.771212488885315,-0.794392894038849,-6.145002012750399,-1.3060115225096816,10.157289315153632,6.384076443835466,9.99130594439006,0.7779407624720333,44.38859783476176,6.25,48.41122817993164,35.57765197753906,44.62611358642578,41.716285915374755,45.718935648726806,40.61904462165894,False,0.11813783484618186,False,False,False,0.7975,0.00265,459737590,0.595,9.608256,19337048064,-4.853916973428773
EOG,,139.66000366210938,-0.6897540972934123,-1.5369379103677365,-3.6561829513566124,9.414798847414382,-1.9237091370129755,36.31132226297671,29.87772539535673,0.6873157867521589,37.4701964911587,5.35,153.74000549316406,99.30517578125,144.5924008178711,130.3279130554199,152.34204383235993,137.53795952457364,False,0.10213939655270259,False,False,False,0.9814,0.0027200002,522761513,0.272,9.231319,72259133440,-3.41124231139545
CPRI,🐻,14.65999984741211,-0.8789730546059471,-4.990281545914072,10.641508282355543,-20.927728568048312,-16.79909676979375,-39.918032472923656,-30.157217688091702,0.4844227464102037,69.53908087561466,3.09,27.65999984741211,12.710000038146973,14.666400089263917,18.98740001678467,15.982807958861937,12.236192094543824,False,0.2655385277456656,False,False,False,1.04394,0.02645,110615983,1.381,5.5826607,1620920960,-0.04363880579319739
CIBR,🐂🚀,101.97000122070312,0.2950752996565384,-1.9585244160128448,1.8202135195096447,11.922891566265061,62.82806513774629,43.09043325676741,33.95999084710118,1.0595779008933126,68.49456849660234,0.0,104.00700378417969,60.686065673828125,96.52495086669921,79.39227788925172,106.34290046692969,91.35607414244531,False,0.15161258528625368,False,False,True,0.0,0.0,0,1.0,0,0,5.641080679257238
TEVA,🐂🚀,39.810001373291016,2.3919760278465043,2.050764127606274,10.429964537599954,19.04905205795739,32.17131561774632,27.555278888479567,98.4546482211026,1.3164178845268797,63.962264762054886,57.43,40.220001220703125,18.950000762939453,36.41179988861084,33.5381999874115,41.00507666952177,35.50192291849092,False,0.14386013778255916,False,False,True,0.23002,0.0052300002,1088689519,0.795,13.000613,46185185280,9.332692959633382
CRH,🐻,84.52999877929688,0.9313418260261194,-0.8213123900807312,-10.3510468145761,-19.31858803982719,-18.97125269918694,-31.50843135277932,-28.679616645205247,1.8122803156054375,33.890374365640795,2.71,129.9237060546875,83.75,93.70106872558594,108.29353691101075,93.9608284175189,82.06417234542054,False,0.1351700726662129,False,False,False,0.89318,0.00145,663435020,1.198,12.749956,55085555712,-9.787583077784918
OC,🐻🤐,118.36000061035156,-3.0074557122489702,-3.678382767005376,-14.325004821181123,-20.963390127689998,9.97350558190426,7.864906204486824,-14.10384622667637,0.879077047140485,35.53997908711803,2.42,158.9199981689453,96.36537170410156,139.06939987182616,125.31884742736817,138.13121289360606,116.70678530585684,True,0.16814154670121229,False,False,False,1.1099601,0.011089999,78230529,1.319,9.802925,9228142592,-14.891413409823798
MVIS,🐻🤐,1.4600000381469727,0.0,-9.87654112039807,-19.33701191697764,-76.82539692150912,-84.79166687362724,-88.27309188341947,-92.39583343681362,0.7730355869627705,36.363634393234285,3.53,21.450000762939453,1.4600000381469727,2.480999999046326,7.966499980688095,1.7527554336625761,1.485244553939658,True,0.16523216846644415,False,False,False,0.12195,0.09393,23407572,1.173,-7.894737,45883280,-41.15275942328966
XPEV,⚡🐻🧊,9.470000267028809,-4.824116094850245,-7.9688989102440475,-16.6373190736632,-30.36764704851131,-44.65225055983077,-53.3037477988605,-60.0421942524264,2.0814319986921,29.166665161497974,5.49,28.06999969482422,9.470000267028809,11.47879997253418,15.681099987030029,11.35779353078099,9.667206469219009,False,0.16081684295476634,False,False,False,0.12392,0.047340002,710214664,1.101,51.946014,9158257664,-17.500084593441066
SEDG,🐻,31.520000457763672,-0.03171655142421713,-5.487250674921206,-2.11180213995034,-43.714284896850586,-38.25660934607569,9.254766173274918,-18.384253419176865,0.9350225349731076,37.7408739429428,3.55,78.51000213623047,28.469999313354492,35.53359996795654,42.16105003356934,37.54757267544183,31.06942771365729,False,0.1888204067519597,False,False,False,1.01683,0.01203,60807743,1.438,37.049957,1960825600,-11.295223433066868
TM,,186.7100067138672,-0.8443952799371885,-1.9174164135224805,-5.001519745629906,10.049512368108969,-9.403653728174838,-12.776787422526322,-2.6690272993359487,0.9125522557384182,43.194890982437755,3.04,248.2899932861328,166.5,190.46399993896483,201.77934944152832,201.11839403568877,185.2916065746628,False,0.08191706962049042,False,False,False,0.02227,4.0000003e-05,17469641423,0.337,11.603296,216823988224,-1.970972586053339
WDAY,🐂,189.1699981689453,0.3022227184429887,-1.6685760642445924,-4.193466147010031,45.213780582438986,45.6049883274725,-11.923829386305112,-18.534949959308364,0.6494269709163254,53.27730327396942,3.83,245.6699981689453,112.5,182.6491990661621,157.74609951019286,203.6368808617484,180.52411767340783,False,0.1203285251572743,False,False,True,1.12512,0.02182,194315890,1.082,14.392828,45900861440,3.570121925594173
VMC,🐻,242.75,-1.3812691370263468,-0.6751202691041105,-9.95251424759359,-17.56735554396269,-10.508795234115246,-14.400748463138902,-18.92212441444955,1.3609114436540035,40.14356411242639,5.88,328.4806823730469,240.8300018310547,266.9552575683594,283.93448104858396,264.4957839372252,235.64921423172012,False,0.11535282692464688,False,False,False,1.00747,0.0023100001,129155017,1.054,22.966589,31698847744,-9.067158964704468
UNH,🐻,374.94000244140625,-0.7648900917255869,0.9830573978515146,-3.1230011190579225,-11.556074632472091,40.21337115561244,15.825930116600546,10.514987080684444,0.6281752281287561,33.30179177251681,2.78,433.6795959472656,255.97283935546875,395.60123474121093,352.0346534729004,401.4037450474798,363.4982324915827,False,0.09911207885185862,False,False,False,0.89674,0.00248,895018750,0.622,16.235157,329489088512,-5.222742116394193
META,🐂,738.7899780273438,3.237749513463778,-0.7136134569030755,29.18423014135591,20.633221174650423,29.35142379339909,12.210737873644973,3.339566774687561,1.002742856268466,65.8222131183044,1.68,777.5900268554688,524.8189697265625,618.5913720703124,626.183291015625,792.9395971026734,558.5286524090454,False,0.34689818984400095,False,False,True,0.79016995,0.00148,2201809630,1.243,20.817175,1847400464384,19.431018825036066
MDT,,87.08999633789062,-2.692741521909916,-1.674970773975418,-3.139272351078793,10.86396029236076,2.2463627268061415,-7.016612537287853,-5.097994223603414,1.8072904953693292,34.92768740437394,2.17,101.9701919555664,72.4959716796875,88.97756607055663,87.28823928833008,94.31911907978683,87.30483721904129,False,0.07723961093772076,False,False,False,0.88681,0.0039399997,1276681945,0.574,13.471888,110376812544,-2.1213996021977275
BABA,🤐,107.73999786376953,-0.9378487057983889,-2.7617374582190815,-5.5078047396862155,9.949995114353328,-13.335345037301828,-25.822431626690882,-40.513473005966475,0.6849418822779259,46.12872324374489,3.37,187.61692810058594,94.80999755859375,117.42999969482422,130.83904998779298,115.92721620674709,105.77078260306737,True,0.09162404404373987,False,False,False,0.10135999,0.017690001,2219678496,0.5,11.70661,267384045568,-8.251726012294096
DPZ,🐻,301.80999755859375,3.2641081546267174,1.8149327044300987,-11.221277355914372,-0.16552415595753206,-14.837682666256313,-26.32378583774994,-27.984893423619184,1.0631329066378197,36.81905618517611,4.02,430.87188720703125,281.2904052734375,330.94988708496095,351.6733248901367,349.76738753125716,274.13911881639905,False,0.24243462103828795,False,False,False,1.1324,0.00476,30226781,0.946,14.356103,9911618560,-8.804925054676465
SLB,🧊,49.869998931884766,-3.146247220379329,-3.855793408876647,-16.591081689388524,11.174890779951015,-1.942816382066195,32.07072411223594,45.59474451605258,1.995688693348624,18.11725542594479,4.83,59.78976821899414,30.963027954101562,52.65647766113281,49.91467782974243,59.405665208096295,48.516834257846085,False,0.20178982147622423,False,False,False,0.92542,0.0021600001,1479527546,0.774,15.073325,72307458048,-5.29180616140001
FTI,🧊,68.8499984741211,-2.5063780849917974,-3.3548560658561133,-11.900195611228712,5.810417023547762,-0.27472141910962633,54.834426393910675,73.73002264150362,0.8087313021564969,21.282023317606658,4.83,80.08000183105469,35.45410919189453,74.44458297729493,66.55406885147094,81.5567639073331,67.03823426161222,False,0.19541074497290983,False,False,False,1.01172,0.01362,387729009,0.744,18.880932,26635804672,-7.5150995269597285
IPX,🐻,18.299999237060547,-2.4000040690104165,-7.435514348336072,-16.323737838036543,-36.74386780498392,-29.723507704838543,-49.4265619938094,-64.50737247935709,0.789413364710197,34.91421935164003,3.39,60.11000061035156,18.1299991607666,21.706800079345705,33.01420002937317,22.851316876756503,17.467183069837734,False,0.26708006567955533,False,False,False,0.16886999,0.0,29163593,1.277,10.993464,609287936,-15.694624863324613
CRDO,🐻🤐,192.35000610351562,-0.16608297527936763,-0.7840248888194875,-14.960871821316136,-25.759385224328174,104.91104769944137,33.678509221922646,32.73756210235382,0.6650886241996282,61.904301622285416,1.15,302.5199890136719,87.80999755859375,209.3647006225586,176.45212547302245,213.12098871196986,140.60801214252234,True,0.40999169643586003,False,False,False,0.73779,0.09433,170885884,3.228,20.10086,36611153920,-8.126821029738414
DBX,,32.70000076293945,2.443611167860841,-4.441848052431017,-7.075868033366841,15.100320093518494,43.9260640457804,17.625905253071554,10.772358590324652,0.8963380100865463,40.904721815398815,6.4,37.7400016784668,22.059999465942383,34.01260040283203,28.10770007133484,38.55810738079383,31.32189349658654,False,0.20710400095457343,False,False,False,1.3065699,0.08685,128606437,0.649,10.246304,7360432640,-3.8591569722592647
PRAX,🐻🧊,281.0,-1.6278641679822576,-0.39699246298450935,-19.78304031055971,-12.077598675330883,-12.78438254734397,-4.661732608272486,429.9886789398423,0.8281122309997276,10.091863367919416,11.9,386.3299865722656,50.97999954223633,334.6331976318359,316.371649017334,375.60956333496824,260.5454323925708,False,0.3617487301527965,False,False,False,1.23197,0.0027599998,24077360,2.778,-31.335945,8131138560,-16.027458725372266
BJ,🐂,95.48999786376953,-1.3634952258162136,6.123576685120621,5.339212638081308,10.31654408161337,-2.977037553024758,6.06464418360986,5.211542106884655,1.3281984855154854,66.18739888205845,4.96,102.77999877929688,83.81999969482422,93.70080001831055,93.54635013580322,96.80742324012996,88.19457642417669,False,0.09311085103492527,False,False,True,1.11359,0.00648,125635119,0.183,18.305616,11620951040,1.9094797964471486
NXPI,,236.47000122070312,0.06347067190066187,0.437478240153013,5.739893461105771,-14.91721703779476,21.070729977542545,10.373522829046117,6.996919953661565,0.6690607416511436,60.12603797780173,2.34,330.06011962890625,180.9931182861328,233.97664367675782,243.5664626312256,240.89501720355568,216.6865013511318,False,0.10581072386353657,False,False,True,0.99362,0.00141,251692627,1.817,13.126751,59896557568,1.065643777414774
LRCX,,323.8599853515625,2.9859713468405666,5.395725930139098,7.533930370037107,-17.138472779731842,51.845168992904924,89.75413796929297,127.85619667325147,0.85319992822691,53.78693192978029,3.27,432.8701477050781,130.76600646972656,304.65886474609374,271.9932276916504,332.93074273665655,262.9577979127575,False,0.23485245998401255,False,False,True,0.88844,0.00281,1246490901,1.859,27.98321,411105427456,6.3024985737642
RMD,🐂🤐,222.8300018310547,0.3286788417280946,0.23841600180881514,-7.192837914804227,11.123550849338706,-0.15413719646291235,-6.732605897168573,-16.858964476040324,0.7360745533274152,56.44584904861366,10.58,280.3143310546875,182.296875,221.38351196289062,225.1378904724121,232.5498267744023,216.39117664356647,True,0.07198562843586806,False,False,True,0.71234,0.0049900003,143362269,0.766,16.711868,31894185984,0.6533864493063659
XLV,🐂🔥,170.72999572753906,-0.3094702769453375,1.1433605692468332,0.4945527613060583,7.42347886614022,17.413036239923866,11.658209526577123,20.989038283556518,1.1748728254725869,70.85578994972201,0.0,175.0102081298828,139.61695861816406,167.58792236328125,155.27717239379882,173.53742612632394,164.0959295865667,False,0.05592751059694398,False,False,True,0.0,0.0,0,1.0,0,0,1.8748805522194625
MAAS,,16.1200008392334,-10.194985214064014,7.038515206387211,-1.1649211093214855,3.201030456706819,176.9759512675716,198.51852878785084,372.72728543954,0.46247202790153824,54.47882866434191,1.88,21.239999771118164,2.859999895095825,16.785400047302247,10.673585034608841,17.945681451791643,14.134318758016706,False,0.2376161264867839,False,False,False,0.0007,0.60392,124770305,1.0,0,7225148928,-3.964154599793356
CVX,🐂🛒🤐,204.3800048828125,-0.9642827356006775,-0.5498465545362322,-0.8537860250543485,24.42734660670037,0.5567681770222804,37.84344962436966,37.42627735893214,0.573431967456166,35.971454591844605,2.62,217.77000427246094,142.76339721679688,201.05282012939452,183.2320529937744,217.644057634315,201.1739416332631,True,0.07865046884257396,False,False,True,0.71184,0.04768,1868505583,0.491,14.445401,400579035136,1.654880917003132
CLSK,,13.3100004196167,-0.22488555193435747,-7.95297106152459,14.543894584352698,-2.2760607088629046,56.404231041549046,31.521744764144184,-8.773130360414372,0.7279066918867734,50.22222730848524,4.32,23.200000762939453,8.180000305175781,13.100000038146973,12.587750005722047,15.407618361388021,11.253381795014565,False,0.31163396286735506,False,False,True,1.0064601,0.03988,246659958,3.851,-7.106207,3307803904,1.6030563424290725
AES,🐂,14.859999656677246,-0.06725103536515561,0.3376045620790125,0.8141104981169137,2.720154302006307,8.045799355449043,7.419191075911311,1.4947606094125736,1.7897360216577567,60.0,2.42,16.86722755432129,12.965433120727539,14.752468414306641,14.42183117389679,14.87772317866912,14.760276928142405,False,0.007925382961296577,False,False,True,0.91586995,0.0057599996,708808413,0.95,6.2855935,10630236160,0.7289033899325187
TLT,🐻🧊,78.2300033569336,-0.4960561892951505,-2.7715582313117526,-4.835461498817655,-7.803879735500535,-7.647269262798498,-7.48732139199883,-8.690344025584393,1.9870714780494818,25.142075626281496,0.0,88.44929504394531,78.2300033569336,81.76660705566407,84.16826026916505,83.33282779946285,78.55017238364263,False,0.05908780304801079,False,False,False,0.0,0.0,0,1.0,-3889.0,0,-4.325242083633076
AXON,🐻🧊🤐,419.5799865722656,-1.2171897416678927,-6.886220853514266,-25.942532409575463,-29.35888425979256,-1.2032343214497132,-26.12117831716723,-41.01555223497685,0.8794371456545004,29.150876756752652,4.33,759.4400024414062,345.94000244140625,534.5196014404297,499.1569007873535,538.5694733615015,403.0395232205297,True,0.2878688513659814,False,False,False,0.91225,0.04513,77318522,1.399,40.07257,34324432896,-21.50334890590045
F,🐻,12.300000190734863,-0.6462029318783047,-4.945899616709878,-11.764701858070953,-8.847412263544541,9.098213713984965,-3.0008587226076284,4.918249492186134,0.7070928409741375,30.375422399836467,0.0,17.253143310546875,10.901723861694336,13.86926284790039,13.284883561134338,14.76097462622393,12.143025465328805,False,0.19461412072453155,False,False,False,0.67916,0.0039500003,3877936786,1.835,6.1716394,48090406912,-11.314679621946103
NVO,🐻🧊,38.310001373291016,-1.0333188340014392,0.36678860639717864,-15.486433210232981,-20.443838834626586,5.576982332554442,-20.946330969060575,-32.02212631801536,0.7056572270113595,22.418381371094654,2.51,60.937870025634766,34.32636642456055,45.112759552001954,44.73456979751587,48.58750543000543,36.28549376127875,False,0.2898922339482968,False,False,False,0.09905,3.0000001e-05,3173014289,0.344,11.297972,167394639872,-15.07945478455896
SNDK,,1729.760009765625,0.9848849005433653,-4.778783041125124,10.407867726796239,-14.883229438634652,172.25736403337325,628.6881684156829,1328.1373600897134,0.5634417665028532,48.09047462598606,0.48,2335.0,116.91000366210938,1530.6964965820312,1122.8632230377198,1906.6630683187836,1460.011431192935,False,0.2653369888836168,False,False,True,0.81005996,0.00983,144509697,1.0,6.6033607,254752964608,13.004767021293425
ZG,🐻,28.010000228881836,-0.4973335401265165,-4.565588194792348,-21.73791698136053,-14.211335620671662,-32.32664739809809,-58.9476786592662,-60.649058571519674,1.574633884186484,30.263162228867614,4.76,74.58000183105469,28.010000228881836,33.63059982299805,43.450199880599975,36.80098995436999,27.046009976965458,False,0.3055736365967256,False,False,False,1.1025,0.03853,207033375,1.976,9.4777975,6229036544,-16.712754526229435
GNOM,🐂🔥🚀,70.35199737548828,0.06969257457197722,3.826789927789916,9.206625130021605,21.758391938035267,60.98888681228482,54.92912477225638,78.86514465132974,0.4815533980582524,78.17580970205408,0.0,70.35199737548828,39.33242416381836,61.980979919433594,51.267924842834475,71.8233143107954,60.16938664745656,False,0.17658442593768667,False,False,True,0.0,0.0,0,1.0,0,0,13.505784301790344
HBM,🐂🛒🤐,27.010000228881836,0.5210248800737726,0.8211993498924508,-5.73309874812445,19.596695922958244,29.302103765506686,36.18412422791273,75.87866090208703,1.0222990927610234,39.18757894588121,2.05,31.85332679748535,14.567837715148926,26.478029899597168,24.33774395942688,28.83266358530667,24.973543308614232,True,0.14344517108595684,False,False,True,0.78057,0.03642,427529305,2.308,13.465295,11849782272,2.009100870804446
BBY,🐂,88.75,-1.2901830884901113,-2.2577125361871078,11.891760296635361,16.122291847619437,41.54933849220161,37.84301998957466,20.8489420429682,0.6702991169565715,53.663136788233636,3.77,94.81999969482422,54.221923828125,86.73215728759766,71.1217261314392,96.54064775274021,83.49540342523831,False,0.14491813436416406,False,False,True,0.97029996,0.06516,196925919,1.305,12.23311,18506371072,2.326521990812841
HSAI,🐻🧊,15.520000457763672,-0.44900381102689735,-4.843648277416208,-3.722086539905293,-14.865601494909377,-18.8284530515432,-30.714282490769158,-43.74773333842144,0.5692745476355928,24.49544546527369,5.47,28.790000915527344,14.600000381469727,17.2421000289917,20.93420002937317,18.902309179495166,15.146190881539992,False,0.22063340771088163,False,False,False,0.32772,0.043470003,126225991,1.365,17.292624,20051345408,-9.98776000795963
SPCX,🤐,149.24000549316406,2.5916025577955346,0.5931550816879002,3.8624837897271154,-5.268495713271902,0.0,-0.5066630045572917,-7.27554624237973,0.8780023274710791,51.971999304896784,2.07,211.38999938964844,108.2699966430664,136.94059997558594,0.0,156.55561059310898,141.18739172622693,True,0.10323143615243924,False,False,True,0.48344,0.12732,4342078314,1.0,86.54447,1988603281408,8.981562458300086
ISRG,🐂🔥,412.17999267578125,-0.6292378831150075,3.484811777103832,9.372182958418806,2.4355056598358704,-10.588081865677372,-27.2229671346,-5.903573957785783,0.7693877301164305,90.2046133554492,3.58,592.8499755859375,332.0199890136719,376.4975982666016,449.46249954223634,421.7466812694532,344.1173140918749,False,0.20272363669727914,False,False,True,0.89445,0.00513,351214894,1.465,33.629215,145686609920,9.477456051104108
NFLX,🐻,70.30000305175781,1.5455722128273666,-1.4854225750104402,-13.263417144025455,-5.243293249276652,-26.8850733893785,-25.02132951147546,-39.96070949657332,1.0423145786416437,35.921380084984364,3.44,124.13500213623047,67.5999984741211,75.5966000366211,84.46324985504151,83.80620881322562,67.36179274317087,False,0.2175647743007281,False,False,False,0.84022003,0.0057200002,4134708819,1.526,18.250301,289726922752,-7.006395766869762
BKR,🧊,55.91999816894531,-2.10084171109745,-3.6360514470738514,-12.006296081378448,4.284130820807495,-7.75855255772558,24.123488675400953,17.440854932653192,0.638554932066024,21.107797681830462,3.6,69.18328857421875,43.78534698486328,60.61544830322266,58.916299209594726,65.60952281010792,53.02747670161084,False,0.21210998525387098,False,False,False,0.99984,0.00151,990639089,0.961,18.032104,54497808384,-7.746292844010373
PDD,🐻🤐,77.5,-1.261304485557271,-2.1464608759431503,-7.738095238095238,-6.083369907029925,-24.15345491433283,-31.651820780347318,-42.336306905124616,0.7037095271717525,45.62647071908769,3.88,138.1300048828125,73.30000305175781,84.20939971923828,95.0266499710083,82.7762922492252,75.89670656058927,True,0.08671400604058417,False,False,False,0.31395,0.00708,753947663,-0.013,6.327275,110939529216,-7.967518758722922
PLG,🐻🧊,1.2799999713897705,-0.7751930820906612,-5.882356034843122,-14.093962201534744,-7.913670175336283,-27.683616656326215,-45.76271066580715,-51.69811602545267,1.0567421326586446,19.6078435955758,4.4,3.4800000190734863,1.2400000095367432,1.432999997138977,1.8856000000238418,1.605027186443972,1.2389728192780738,False,0.25742219861421056,False,False,False,0.13859001,0.21946,99743993,2.023,-16.8,161135232,-10.676903423215297
UTHR,🐻,481.4700012207031,-0.8382434511248306,-1.6243741549006177,-5.66440757583114,-12.004024538552375,-18.80501583879752,-1.1862491081163418,9.879503689926135,0.581340029073609,32.43731470960971,4.89,596.760009765625,415.3399963378906,509.8550030517578,524.4781498718262,513.9545584294162,473.6994424250759,False,0.08151663633116994,False,False,False,0.99917,0.02003,39212815,0.558,18.0426,23242037248,-5.5672694513450125
TGT,🐂🤐,156.42999267578125,-1.2623872325064713,0.10879186927008086,-2.766044301324275,20.984487785362735,31.287107322622653,64.4381475221748,82.59411701110352,1.1498737557845944,47.82606578619821,3.71,169.88999938964844,81.4371109008789,154.15778045654298,126.39101192474365,165.20893047666627,152.25106708192746,True,0.08163462164928147,False,False,True,0.89103997,0.00265,452783928,0.986,16.411196,71183753216,1.4739523444804692
TPR,🐻🤐,114.12000274658203,0.5905736592002834,3.2666731884606772,-7.162160979554424,-20.444054670556795,-18.588516610995157,-9.847591884513303,1.5457861885336688,0.8190380795916044,51.085240008885485,4.62,164.15771484375,97.55376434326172,131.64188720703126,137.88520389556885,123.6918484401797,109.11022294043555,True,0.12527058211526135,False,False,False,1.02886,0.00422,198318951,1.432,12.926525,22938019840,-13.310265320712714
IESC,🐻🤐,324.44000244140625,0.7296116396767367,1.473115220103479,7.0759083965037135,-7.300205293259642,36.18486016336803,66.79862814453166,65.69546976701561,0.5891877967099695,49.893534034993614,4.29,396.9800109863281,178.97000122070312,334.47570037841797,288.8087998199463,341.8686467652383,300.38435311269143,True,0.12918365086790282,False,False,False,0.9781,0.030620001,18616521,1.78,0,12794624000,-3.0004266156428
TOST,,30.459999084472656,0.26333089504942564,2.180475109611764,-10.648287039798292,6.095437324296048,14.900033276074504,-14.22134462337678,-14.438201151567146,0.7779383400693293,35.516733021272344,3.84,39.02000045776367,22.329999923706055,32.94320007324219,29.868599901199342,34.83542489963397,28.44057531398908,False,0.20212559466639954,False,False,False,0.95492995,0.05598,484953560,1.728,16.720594,16756219904,-7.537825661285678
XLU,⚡🐻🧊,39.709999084472656,1.1719721897392514,-0.10063123403105347,-5.275909738136351,-10.650029243324893,-12.274098010080388,-5.038955077460424,-7.2286641946033345,2.0586062628643007,20.0628844625258,0.0,46.754093170166016,39.25,42.768919143676754,43.820548095703124,43.75396344742348,38.71065676131675,False,0.12231443431960907,False,False,False,0.0,0.0,0,1.0,0,0,-7.152203330011789
AU,🧊🤐,94.62999725341797,2.004959229984599,-4.162447538253023,-15.749646091052666,17.7221679907632,-1.0000134891034784,14.922351496640863,38.15996906941926,0.7786925800048062,28.733167998659013,1.36,123.84212493896484,60.79034423828125,98.59608596801758,94.98936874389648,112.89137774145587,92.92162045800703,True,0.1940572991808343,False,False,False,0.75208,0.00212,509849554,0.75,9.402766,47517020160,-4.022562027346725
CRSP,🐂✨,56.0,3.531151492002218,0.43041909198572165,-1.7199009303429447,0.683209412823981,17.72125364569425,6.788713704271188,-15.356715688829581,0.9797778233652238,56.478660265156506,12.81,76.77999877929688,44.34000015258789,53.90760009765625,53.30937511444092,59.488710159669154,50.73678994714237,False,0.1588002813150484,True,False,True,0.77726,0.0589,96257536,1.76,-15.817826,5349037568,3.88145622983265
CAMT,🤐,152.82000732421875,7.159390414535963,3.9167753714466196,14.044781585237873,-1.7108235634258946,0.7981048143235553,43.69535450572248,34.738150054089196,0.9448881261962907,53.322684687302264,4.74,207.4600067138672,94.4000015258789,147.43800018310546,155.02339988708496,157.18352096628595,129.67947952199532,True,0.1917573294393134,False,False,True,0.52138,0.37469003,28239538,1.586,32.417297,7245234176,3.65035278179933
CEG,🧊,264.5799865722656,1.593516113042653,0.2652651495000474,-3.708557283852139,12.04511654731115,-4.960280615102904,-24.773102550063733,-24.178109650446917,0.6475748238451111,27.718236402499286,4.57,401.7044372558594,236.1370086669922,272.15437896728514,288.62073753356935,302.6571280750603,243.23136527210764,False,0.2177212508678389,False,False,False,0.82972,0.0033500001,353148794,1.117,19.070341,90001162240,-2.783123469760525
AMD,🐂,607.5700073242188,-0.0493506498722506,-1.1454382771403915,29.072485925524067,12.329907158586009,198.66294509115968,183.69910204279387,270.44694084109324,0.7518344114972996,68.68813876176348,2.23,630.6300048828125,164.00999450683594,509.03520263671874,368.61555061340334,668.4495225862868,415.6724836392992,False,0.46632581479835644,False,False,True,0.75406,0.00423,1623529079,2.476,39.270035,998682918912,19.357169047858754
TROX,🐻🧊,3.990000009536743,0.5037778534604955,-7.209306219708367,-24.574668462963633,-37.563939489606305,-58.60996807071434,-2.313187160210414,5.728348722606317,0.9620511964617279,22.49999751647323,8.87,10.340554237365723,2.820937156677246,5.33482216835022,6.7051107215881345,5.131722417750922,3.7492777195781795,False,0.31132635441856954,False,False,False,0.81627,0.25542998,118851956,0.766,-12.766645,630815104,-25.20837839341437
HYMC,🐻🤐,19.3799991607666,-1.1224551858229503,-8.842902388877878,-17.28553602926978,-15.99480096605928,-44.94318539569193,-18.468663073009004,195.8778411667848,1.054089719039103,35.88477861108032,6.41,55.7400016784668,6.210000038146973,22.949299926757813,30.71364990234375,23.80344846301766,19.11755106395988,True,0.21834987305514675,False,False,False,0.41786,0.33278,55036828,2.839,-26.082191,1774179328,-15.552983216841284
EIX,🐻💀🤐,53.560001373291016,4.0606180357874475,0.09344618450060863,-0.7780625648517975,-26.26420171223528,-25.047519154732917,-7.267880301584086,0.4116536288110197,1.07253842284881,31.732584569937586,2.29,80.37999725341797,50.15552520751953,65.9004005432129,67.31259784698486,59.33255687424671,51.32944378188122,True,0.1446406724063202,False,True,False,0.95949996,0.00262,383686474,0.614,8.262467,20676055040,-18.72583333060306
AEO,🐂,18.139999389648438,4.794915940575786,13.944719238162786,9.079977781623825,5.708309441128589,10.185802869196513,-29.904087262062575,9.764860251137197,0.8841328033192665,58.6685170507995,2.31,27.664926528930664,14.04345703125,16.713999996185304,19.174182744026183,18.196528308706558,13.976471550149645,False,0.2623352983601413,False,False,True,1.0289199,0.089420006,155875771,1.309,9.247702,2979453952,8.53176614687444
QS,🐻🧊,4.590000152587891,0.6578993461579525,-6.517305596106677,-17.88908716821859,-39.684624545884674,-28.056425231112804,-55.95009482744261,-68.54009523931538,1.043136126763017,28.125027939657613,6.91,18.440000534057617,4.559999942779541,5.470900001525879,7.434075021743775,5.690402237345402,4.572097714970883,False,0.21793998101254333,False,False,False,0.36853,0.13291,512143075,2.692,-6.8252616,2857348864,-16.101552737068825
LVS,🐻🧊,38.31999969482422,-1.186176119010689,-2.219951422228015,-12.531388966844004,-16.616865453718408,-28.00837925367882,-40.096068289360325,-28.519233155760897,0.9153501557052257,12.667681644218149,3.69,68.29331970214844,38.31999969482422,44.32692047119141,51.65778163909912,45.83008741739389,37.096912628382476,False,0.21062319351214037,False,False,False,0.42650002,0.61711,290692811,0.819,10.769626,24489582592,-13.551405584945062
CRWD,🐂🔥🚀,262.739990234375,1.3461871685149471,0.09524172703758235,13.740255512716452,36.004344827390106,169.19391180536476,124.20000406241326,110.20881248493455,0.5918409599953155,77.95644581582762,2.41,262.739990234375,87.5625,215.0395999145508,151.42453742980956,276.8657786530732,190.95922439868457,False,0.3672593542200411,False,False,True,0.76383,0.01411,1007183268,1.255,164.8598,271086747648,22.18214242343209
JOBY,🐻🤐,5.989999771118164,-1.9639993416369592,-4.160003662109375,-12.426905884616565,-32.23982276329933,-27.481844974124947,-54.62121319945962,-63.07028344824659,0.9450776625276442,36.477987232768946,4.89,19.56999969482422,5.989999771118164,7.109200010299682,9.71025002002716,6.92809732585157,5.84390270085131,True,0.16977679654454977,False,False,False,0.45636,0.32252,669656891,2.683,-9.379846,6027580416,-15.742984267710023
AXTI,🐂,78.18000030517578,6.12189798876852,7.125235282341423,28.98861494455,20.221438986195054,37.20603884390169,378.1651283248965,1492.2607481623804,1.054830395384448,58.05386285968517,0.98,140.8300018310547,4.03000020980835,66.57819984436036,59.33495000839233,84.13212388850211,51.17487684391976,False,0.4871476991757046,False,False,True,0.73756,0.0398,61608463,1.92,34.404446,5076022784,17.425824801416855
CARR,🐻💀,55.380001068115234,-0.8770321695672909,0.508171691013113,-4.878048940297827,-22.881710310883037,-0.9463481546487317,6.01129898451388,-5.429256336029122,0.9143185985887972,37.4389014263916,2.75,75.7276840209961,49.78789138793945,60.266399993896485,61.301128234863285,59.85653074428453,52.90146867588149,False,0.12336263687131667,False,True,False,0.89941,0.04765,784097994,1.298,16.56111,45222473728,-8.107998696248861
PL,🐻🤐,16.3799991607666,-2.3255890658996328,0.0,-17.481114126035095,-48.18095904938856,-41.395353439539775,-16.937121038975008,18.954238316901325,0.804646103505652,43.59756115289897,2.91,51.400001525878906,11.15999984741211,20.168200073242186,27.357350006103516,19.34182015016758,15.068180078714255,True,0.2483952364444492,False,False,False,0.83062,0.0127,302161201,2.108,-13112.0,5963468288,-18.783039134471476
PVH,🐻🔥🤐,75.73999786376953,0.013197552347688409,0.4642505331670701,2.183808084439783,-0.027028994840624095,8.671362108265757,13.178832348962347,-10.867271024956176,0.6814183704387071,80.30176096510301,4.17,98.71986389160156,60.814476013183594,78.28965713500976,76.06334161758423,77.59439686512053,68.68680354381502,True,0.12178726037801088,False,False,False,1.13385,0.009980001,45591561,1.722,5.9265556,3416506624,-3.2567000093554723
FRVO,🐻🧊,13.75,-2.551379627474932,-15.902142634910499,-10.59818011906543,-52.70037790042315,0.0,-61.80555555555556,-62.37000641629141,1.1926576545506198,28.48334679374804,2.51,42.5,13.75,18.934599990844728,0.0,19.505386904213687,13.391612836386898,False,0.3716918938526382,False,False,False,0.59147,0.21993,183834964,1.0,-49.805763,4005831936,-27.38161880024711
SYRE,🐻🤐,84.72000122070312,-1.2472312430417014,-3.9128921627417297,-5.160640899873957,-4.691189332408662,67.96194196532392,158.60807558410806,414.7023446715907,0.8246131200551203,43.6748715077602,10.44,108.91999816894531,15.890000343322754,96.57079986572266,66.77110004425049,93.7304370209647,84.28156325369349,True,0.10615996396526478,False,False,False,1.10731,0.056989998,82144440,3.0,-25.26957,7850109952,-12.271616949945054
VRNS,🐂🤐,47.11000061035156,-1.7005709748217241,-2.5646285478855373,7.630797618590064,12.4612110211514,119.4224597904333,43.62805398215443,-18.52300093566304,0.5695538993688265,53.90505494068964,4.28,63.310001373291016,20.190000534057617,44.5265998840332,33.79207496643066,49.54058785064558,43.888411859437426,True,0.12099403844089666,False,False,True,1.01506,0.02977,111380212,0.82,116.24488,5450130432,5.801926787687962
IREN,🐻,41.380001068115234,-0.8149571971229209,-12.051005867985527,11.491308626621683,-4.478297877136807,20.711792711924915,9.557851645748451,-12.107052976322626,0.9215246575826518,39.10431896290222,2.0,76.41000366210938,29.309999465942383,41.392200050354006,45.555300045013425,49.61397794454172,38.011522162269806,False,0.2648191626439575,False,False,False,0.59233004,0.03257,346180522,4.285,-10.264548,16109118464,-0.029471693275379483
VST,🐻,140.8300018310547,2.0359349888488794,2.072914825721118,2.686649695815291,-7.899824799375477,-6.034607037715925,-12.322035134891735,-29.706663104310273,1.0646543558272803,32.06706613244398,2.22,209.63223266601562,134.3016815185547,144.70613159179686,154.9143921661377,151.41948271504353,133.73310517558147,False,0.12404851500941637,False,False,False,0.92070997,0.0077899997,312946256,1.414,13.34702,46435131392,-2.6786216438128494
EQX,🤐,11.399999618530273,1.5138030563097575,-5.394195534572434,-11.353033259133118,17.158418551890072,-20.907625589722475,-18.465414580857374,5.11897389772851,1.2726745893302684,36.98383444897825,3.36,18.68222999572754,8.60268497467041,11.57155397415161,13.135442929267883,13.224064780851338,11.181935165742901,True,0.1673465229514931,False,False,False,0.5418,0.03437,1056632861,2.492,7.3756394,12970478592,-1.4825524385450146
HON,🐻🤐,210.1300048828125,-0.6571479583831542,-1.1478582854281405,-1.5922792656401337,-4.955803773766173,-10.602764709154917,4.089276652134615,3.1236991201774638,0.632752909145974,62.115579876052685,2.71,257.9405517578125,194.68307495117188,222.68048461914063,228.76331733703614,214.81413101695088,200.5178727672288,True,0.06884255544704375,False,False,False,0.84499,0.00081,297685904,0.901,21.399153,66855325696,-5.636093238163065
ERO,🐂,37.13999938964844,-0.7217333837608918,1.8092101307401756,0.026927878388317675,44.401245649973184,39.25759011399823,31.28313251224978,79.85472191641527,1.0454772901539668,46.272665926443246,3.69,40.400001525878906,19.889999389648438,33.7668000793457,29.890000019073486,39.17632887561549,31.858670590326888,False,0.20602965693825454,False,False,True,0.75972,0.023020001,101973555,1.668,7.52793,3826863360,9.989691952972585
LII,🐻🤐,360.1600036621094,-2.2393528726127,-3.2712018036139647,-5.87497651205725,-36.933530699000436,-22.21507686730709,-25.43281039668692,-32.40257827039558,1.162596975080039,35.569108900171656,4.55,572.9500122070312,359.0799865722656,412.655,487.28967361450196,388.91901161902496,352.3119881368344,True,0.09877359013383927,False,False,False,0.79347,0.095970005,31233864,1.184,13.592424,12269730816,-12.72127960109307
PSN,🐻🧊,41.54999923706055,-0.12019047811179814,-5.180284056532734,-14.57648075977728,-21.839730330467166,-23.297026690910215,-32.76699069578042,-51.255278885077274,0.8213528360800815,24.787239439077496,4.97,89.29000091552734,40.31999969482422,47.754799880981444,56.15680000305176,48.92144540079561,41.49355437032255,False,0.16430660950675136,False,False,False,1.06296,0.014400001,56176433,0.702,11.982055,4375817216,-12.993040823927704
HL,🧊,17.149999618530273,0.8230416682224845,-6.130272639141967,-13.688983924612986,10.027450760130185,-7.905280559151767,-10.575230057810826,40.01423260340633,0.9711180932679417,26.221071057328345,0.0,31.790327072143555,11.889084815979004,18.15230550765991,19.20569368362427,21.58447345568341,16.634526788457215,False,0.2590306724721337,False,False,False,0.77287,0.0055400003,668288671,1.382,16.295092,11440217088,-5.521645108422642
NVS,🐻🔥,145.7100067138672,-0.7965673543371611,2.102165131289626,-4.175977210758339,-5.469049376645698,-4.6088335752096965,8.903285271095223,13.987963239997322,0.6031392672527638,81.53256489945582,2.19,163.63934326171875,118.20230865478516,151.29020050048828,149.2808652496338,163.07402082244124,127.00598100861346,False,0.24867650018034781,False,False,False,0.072670005,0.000120000004,1856352156,0.49,14.49305,270984937472,-3.688403986617154
APH,,84.33999633789062,-0.3308986050614567,2.615882507142056,6.554153868634696,-1.9036071278604245,33.91095741397297,25.448356018475543,36.256855220685,0.8609921886050825,57.07249913174486,2.75,88.02348327636719,59.39313888549805,80.62839218139648,73.6235676574707,85.98529814767683,76.34166489553606,False,0.11881739264195502,False,False,True,0.9675,0.00533,2449913469,1.242,25.641493,207881011200,4.603346359857752
RACE,🤐,402.04998779296875,1.0175848726052137,-2.663115924243407,-4.8627586402621015,7.310623995925994,20.16252400172349,10.04710574053861,-17.042653940100756,0.8015698080748347,49.78233917890035,9.86,498.338623046875,311.0402526855469,406.461201171875,365.03642028808594,419.8604859485868,399.81351307485073,True,0.04891450234512773,False,False,False,0.45839,0.32278,173546934,0.6,31.394358,68934770688,-1.0852729279420092
EOSE,🐻🧊,3.109999895095825,1.3029303818510494,-13.128492699063536,-3.41615318437997,-43.96396777989954,-37.29838969401091,-72.86213015057984,-74.85852931392114,0.8070342959250164,23.057003875596962,4.64,19.190000534057617,3.0399999618530273,3.731499991416931,7.555600010156631,4.530164298798672,2.918335714552768,False,0.4327927989143319,False,False,False,0.64502,0.0144299995,356877106,2.779,-17.660618,1108571648,-16.65550308858795
ZS,🐂,198.35499572753906,-0.519085042016961,-7.505246654112882,5.292354227470778,35.442130324960644,41.38926881475999,-11.810867267326023,-34.865203256611316,0.43276855125002817,68.39253287856575,1.96,336.2699890136719,118.05000305175781,175.80609954833983,166.990899810791,223.25517058231205,153.13832764766843,False,0.37257201978447285,False,False,True,0.53151,0.34669,106458412,0.948,35.598,32516368384,12.826003328171879
KMX,⚡,59.22999954223633,4.739169480694562,3.080404604882733,-3.4241027655652454,14.299498052973203,42.448285074387506,53.28675071900726,28.64899731628927,5.136020928557781,46.062400647081716,5.95,64.22000122070312,30.8799991607666,59.44180000305176,47.9804500579834,63.67878355096755,55.17221628118577,False,0.14314675150895048,False,False,False,1.05131,0.00475,141085721,1.0,17.842459,7822010368,-0.3563156916589981
IHI,🤐,51.790000915527344,-0.3271712316024915,0.01931660190472598,-5.637589835489005,3.7835513117654074,-2.6251906586889224,-16.348059958070632,-12.578552648634364,1.2564900471849685,54.59462614200094,0.0,64.15782928466797,47.40404510498047,53.23595100402832,54.5190233039856,54.170532318129126,50.05357427977126,True,0.07900203077280782,False,False,False,0.0,0.0,0,1.0,0,0,-2.716115822541735
QCOM,🐂,184.10000610351562,-1.8028534782641608,-6.661934203862027,8.576948423515665,1.7491058396884474,44.26590929676339,9.312172476026875,12.879971393559172,0.6679999173935259,54.63855815947518,3.34,248.74249267578125,122.9443130493164,170.26627838134766,167.74063377380372,204.5843999821732,161.23241520337368,False,0.2370147187291588,False,False,True,0.83087,0.00122,1048459026,1.679,18.036045,196565843968,8.124760729887088
AMKR,,54.13999938964844,1.8051881891005248,1.5378839075721455,14.67152420670077,-32.1919812253767,20.587746989698218,37.80321735252507,84.99278145671194,0.6840840481736429,56.34379313000776,2.19,93.37815856933594,28.064382553100586,52.40897445678711,56.98423833847046,56.12071932952582,44.13987980682672,False,0.23899397422122687,False,False,True,0.48678002,0.49912998,108695472,2.232,18.664814,13013941248,3.3029170114530992
STX,,913.4500122070312,-0.8746511131923259,-1.047532602619952,10.357836453374295,-0.1101154062586372,133.5189948392743,232.77526010496476,257.7457233736557,0.6853556208912821,54.60233424144315,2.57,1092.384765625,210.389892578125,854.0178491210937,640.5257794189453,961.8660707877768,752.7596799446451,False,0.24390907549803165,False,False,True,0.84444,0.00321,225842196,2.087,16.657337,209733681152,6.959124232251318
RIO,🧊,94.16000366210938,-0.26480244709527034,-1.1443531106463254,-8.136581793064025,3.082621183515654,3.148916424633804,23.60185104231044,49.22093833195721,0.7878578544575342,20.61347895665328,4.76,109.63262176513672,62.29195785522461,97.89043838500976,92.96585777282715,105.38966519992375,91.72233507473446,False,0.1386757793147558,False,False,False,0.104770005,3.0000001e-05,1431923350,0.664,11.241938,153154256896,-3.8108264550091504
HLT,🔥🤐,323.44000244140625,0.9866378400628494,5.2796045687959205,2.2638180377336137,-2.5691685615540787,6.464656205518271,12.755626221140135,26.221811585296724,0.8239762932586114,72.46656485800693,3.07,350.06060791015625,256.247314453125,317.8513037109375,315.312787322998,320.33126285397327,299.44473812258923,True,0.06740023717754082,False,False,True,0.96882004,0.021930002,220766170,1.056,30.42743,71597645824,1.7582745973416791
SPOT,,493.6600036621094,-0.7738550035062305,-3.279778690156114,-9.190241695268826,4.482727773301319,1.8044585456927584,-14.990273116837265,-29.545583030435434,1.0449487468970209,39.30758959582701,2.85,707.2999877929688,412.75,516.1916033935547,501.95385147094726,570.4672662389503,484.18173888800294,False,0.1636288982049734,False,False,False,0.68838,0.23457001,157084835,1.586,27.889605,100197629952,-4.364968275988558
FROG,🤐,90.37000274658203,1.756564836024282,-2.1228192847424174,-9.693211729612793,-0.02212262772589009,92.56339688669333,44.68460466091763,92.2766015884724,0.7631521885318571,55.22439397448088,3.73,104.02999877929688,34.75,88.88630020141602,67.97112512588501,95.80110158568658,85.76389932984077,True,0.11056318349058468,False,False,True,0.96915,0.10032,110357139,1.276,84.75035,11965159424,1.6692139753864732
ON,🐻,75.94999694824219,0.3965570605582296,2.4966241730317886,2.5104611989302166,-19.74004105183578,22.6582674324647,40.25853150150848,57.083762864840104,0.8326291002954682,57.35859687743643,3.58,133.92999267578125,44.900001525878906,77.27879989624023,80.0757999420166,77.98181656878131,67.26718321759563,False,0.14753469375960027,False,False,False,1.05912,0.00332,387633787,1.997,16.973593,29926924288,-1.719492214918171
